smiles, logK
[H]c1c([H])c([H])c2c(c1[H])C(=O)[O-]->[Pr+3]<-O2C([H])([H])[H], 2.63
[H]c1c([H])c([H])c2c(c1[H])C(=O)[O-]->[La+3]<-O2C([H])([H])[H], 2.45
[H]c1c([H])c([H])c2c(c1[H])C(=O)[O-]->[Cu+2]<-O2C([H])([H])[H], 2.05
[H]c1c([H])c([H])c2c(c1[H])C(=O)[O-]->[Eu+3]<-O2C([H])([H])[H], 2.72
[H]c1c([H])c([H])c2c(c1[H])C(=O)[O-]->[Dy+3]<-O2C([H])([H])[H], 2.56
[H]c1c([H])c([H])c2c(c1[H])C(=O)[O-]->[Cd+2]<-O2C([H])([H])[H], 1.75
[H]c1c([H])c([H])c2c(c1[H])C(=O)[O-]->[Nd+3]<-O2C([H])([H])[H], 2.75
[H]c1c([H])c([H])c2c(c1[H])C(=O)[O-]->[Sm+3]<-O2C([H])([H])[H], 2.77
[H]c1c([H])c([H])c2c(c1[H])C(=O)[O-]->[Ho+3]<-O2C([H])([H])[H], 2.52
[H]c1c([H])c([H])c2c(c1[H])C(=O)[O-]->[Zn+2]<-O2C([H])([H])[H], 1.35
[H]c1c([H])c([H])c2c(c1[H])C(=O)[O-]->[Th+4]<-O2C([H])([H])[H], 4.60
[H]c1c([H])c([H])c2c(c1[H])C(=O)[O-]->[Gd+3]<-O2C([H])([H])[H], 2.62
[H]c1c([H])c([H])c2c(c1[H])C(=O)[O-]->[Er+3]<-O2C([H])([H])[H], 2.49
[H]c1c([H])c([H])c2c(c1[H])C(=O)[O-]->[Pb+2]<-O2C([H])([H])[H], 2.34
[H]c1c([H])c([H])c2c(c1[H])C(=O)[O-]->[Ni+2]<-O2C([H])([H])[H], 1.25
[H]c1c([H])c([H])c2c(c1[H])C(=O)[O-]->[Tb+3]<-O2C([H])([H])[H], 2.60
[H]c1c([H])c([H])n(->[Cu+2])c([H])c1[H], 2.52
[H]c1c([H])c([H])n(->[Zn+2])c([H])c1[H], 1.03
[H]c1c([H])c([H])n(->[Ag+])c([H])c1[H], 2.06
[H]c1c([H])c([H])n(->[Cd+2])c([H])c1[H], 1.32
[H]c1c([H])c([H])n(->[Co+2])c([H])c1[H], 1.23
[H]c1c([H])c([H])n(->[Ni+2])c([H])c1[H], 1.91
[H]c1c([H])c([H])n(->[Mn+2])c([H])c1[H], 0.24
[H]C1([H])C([H])([H])C2(C(=O)[O-]->[Tm+3]<-[O-]C2=O)C1([H])[H], 5.43
[H]C1([H])C([H])([H])C2(C(=O)[O-]->[Ce+3]<-[O-]C2=O)C1([H])[H], 4.86
[H]C1([H])C([H])([H])C2(C(=O)[O-]->[Zn+2]<-[O-]C2=O)C1([H])[H], 3.41
[H]C1([H])C([H])([H])C2(C(=O)[O-]->[Be+2]<-[O-]C2=O)C1([H])[H], 6.79
[H]C1([H])C([H])([H])C2(C(=O)[O-]->[Ho+3]<-[O-]C2=O)C1([H])[H], 5.44
[H]C1([H])C([H])([H])C2(C(=O)[O-]->[Mg+2]<-[O-]C2=O)C1([H])[H], 3.01
[H]C1([H])C([H])([H])C2(C(=O)[O-]->[Ca+2]<-[O-]C2=O)C1([H])[H], 2.44
[H]C1([H])C([H])([H])C2(C(=O)[O-]->[Co+2]<-[O-]C2=O)C1([H])[H], 3.12
[H]C1([H])C([H])([H])C2(C(=O)[O-]->[Gd+3]<-[O-]C2=O)C1([H])[H], 5.37
[H]C1([H])C([H])([H])C2(C(=O)[O-]->[Ni+2]<-[O-]C2=O)C1([H])[H], 3.17
[H]C1([H])C([H])([H])C2(C(=O)[O-]->[Eu+3]<-[O-]C2=O)C1([H])[H], 5.34
[H]C1([H])C([H])([H])C2(C(=O)[O-]->[Lu+3]<-[O-]C2=O)C1([H])[H], 5.40
[H]C1([H])C([H])([H])C2(C(=O)[O-]->[La+3]<-[O-]C2=O)C1([H])[H], 4.77
[H]C1([H])C([H])([H])C2(C(=O)[O-]->[Dy+3]<-[O-]C2=O)C1([H])[H], 5.48
[H]C1([H])C([H])([H])C2(C(=O)[O-]->[Ba+2]<-[O-]C2=O)C1([H])[H], 2.36
[H]C1([H])C([H])([H])C2(C(=O)[O-]->[Nd+3]<-[O-]C2=O)C1([H])[H], 5.08
[H]C1([H])C([H])([H])C2(C(=O)[O-]->[Er+3]<-[O-]C2=O)C1([H])[H], 5.42
[H]C1([H])C([H])([H])C2(C(=O)[O-]->[Tb+3]<-[O-]C2=O)C1([H])[H], 5.45
[H]C1([H])C([H])([H])C2(C(=O)[O-]->[Yb+3]<-[O-]C2=O)C1([H])[H], 5.45
[H]C1([H])C([H])([H])C2(C(=O)[O-]->[Cu+2]<-[O-]C2=O)C1([H])[H], 5.90
[H]C1([H])C([H])([H])C2(C(=O)[O-]->[Sm+3]<-[O-]C2=O)C1([H])[H], 5.26
[H]C1([H])C([H])([H])C2(C(=O)[O-]->[Fe+3]<-[O-]C2=O)C1([H])[H], 9.38
[H]C1([H])C([H])([H])C2(C(=O)[O-]->[Cd+2]<-[O-]C2=O)C1([H])[H], 3.58
[H]C1([H])C([H])([H])C2(C(=O)[O-]->[Pr+3]<-[O-]C2=O)C1([H])[H], 5.00
[H]c1c([H])c2c3c(c1[H])c([H])c([H])c([H])n3->[Fe+3]<-[O-]2, 14.29
[H]c1c([H])c2c3c(c1[H])c([H])c([H])c([H])n3->[Al+3]<-[O-]2, 10.37
[H]c1c([H])c2c3c(c1[H])c([H])c([H])c([H])n3->[Sr+2]<-[O-]2, 2.48
[H]c1c([H])c2c3c(c1[H])c([H])c([H])c([H])n3->[Mg+2]<-[O-]2, 4.73
[H]c1c([H])c2c3c(c1[H])c([H])c([H])c([H])n3->[Zn+2]<-[O-]2, 9.30
[H]c1c([H])c2c3c(c1[H])c([H])c([H])c([H])n3->[Ga+3]<-[O-]2, 14.92
[H]c1c([H])c2c3c(c1[H])c([H])c([H])c([H])n3->[Sc+3]<-[O-]2, 10.12
[H]c1c([H])c2c3c(c1[H])c([H])c([H])c([H])n3->[Lu+3]<-[O-]2, 8.41
[H]c1c([H])c2c3c(c1[H])c([H])c([H])c([H])n3->[Pm+3]<-[O-]2, 6.91
[H]c1c([H])c2c3c(c1[H])c([H])c([H])c([H])n3->[Eu+3]<-[O-]2, 7.87
[H]c1c([H])c2c3c(c1[H])c([H])c([H])c([H])n3->[Fe+2]<-[O-]2, 8.18
[H]c1c([H])c2c3c(c1[H])c([H])c([H])c([H])n3->[Co+2]<-[O-]2, 9.48
[H]c1c([H])c2c3c(c1[H])c([H])c([H])c([H])n3->[Ba+2]<-[O-]2, 2.00
[H]c1c([H])c2c3c(c1[H])c([H])c([H])c([H])n3->[Cr+3]<-[O-]2, 10.08
[H]c1c([H])c2c3c(c1[H])c([H])c([H])c([H])n3->[Pb+2]<-[O-]2, 9.02
[H]c1c([H])c2c3c(c1[H])c([H])c([H])c([H])n3->[In+3]<-[O-]2, 12.57
[H]c1c([H])c2c3c(c1[H])c([H])c([H])c([H])n3->[Ni+2]<-[O-]2, 9.92
[H]c1c([H])c2c3c(c1[H])c([H])c([H])c([H])n3->[Tb+3]<-[O-]2, 8.04
[H]c1c([H])c2c3c(c1[H])c([H])c([H])c([H])n3->[Nd+3]<-[O-]2, 7.33
[H]c1c([H])c2c3c(c1[H])c([H])c([H])c([H])n3->[Ag+]<-[O-]2, 5.42
[H]c1c([H])c2c3c(c1[H])c([H])c([H])c([H])n3->[Pr+3]<-[O-]2, 7.14
[H]c1c([H])c2c3c(c1[H])c([H])c([H])c([H])n3->[Cd+2]<-[O-]2, 7.65
[H]c1c([H])c2c3c(c1[H])c([H])c([H])c([H])n3->[Cu+2]<-[O-]2, 12.52
[H]c1c([H])c2c3c(c1[H])c([H])c([H])c([H])n3->[Yb+3]<-[O-]2, 8.33
[H]c1c([H])c2c3c(c1[H])c([H])c([H])c([H])n3->[Mn+2]<-[O-]2, 6.58
[H]c1c([H])c2c3c(c1[H])c([H])c([H])c([H])n3->[Ca+2]<-[O-]2, 3.27
[H]c1c([H])c2c3c(c1[H])c([H])c([H])c([H])n3->[Tm+3]<-[O-]2, 8.22
[H]c1c([H])c2c3c(c1[H])c([H])c([H])c([H])n3->[Be+2]<-[O-]2, 8.38
[H]c1c([H])c2c3c(c1[H])c([H])c([H])c([H])n3->[Er+3]<-[O-]2, 8.13
[H]c1c([H])c2c3c(c1[H])c([H])c([H])c([H])n3->[Ho+3]<-[O-]2, 8.08
[H]c1c([H])c2c3c(c1[H])c([H])c([H])c([H])n3->[La+3]<-[O-]2, 6.54
[H]c1c([H])c2c3c(c1[H])c([H])c([H])c([H])n3->[Gd+3]<-[O-]2, 7.82
[H]c1c([H])c2c3c(c1[H])c([H])c([H])c([H])n3->[Sm+3]<-[O-]2, 7.61
[H]c1c([H])c2c3c(c1[H])c([H])c([H])c([H])n3->[Dy+3]<-[O-]2, 8.21
[H]c1c([H])n([H])n(->[Zn+2])c1[H], 1.11
[H]c1c([H])n([H])n(->[Ni+2])c1[H], 1.86
[H]c1c([H])n([H])n(->[Co+2])c1[H], 1.37
[H]c1c([H])n([H])n(->[Cu+2])c1[H], 2.37
[H]c1c([H])n([H])n(->[Ag+])c1[H], 2.04
[H]c1c([H])n([H])n(->[Mn+2])c1[H], 0.43
[H]c1c([H])n([H])n(->[Fe+2])c1[H], 0.84
[H]c1c([H])n([H])n(->[Cd+2])c1[H], 1.19
[H]c1c2c(c(S(=O)(=O)[O-])c([H])c1S(=O)(=O)[O-])[O-]->[Zn+2]<-[O-]2, 11.88
[H]c1c2c(c(S(=O)(=O)[O-])c([H])c1S(=O)(=O)[O-])[O-]->[La+3]<-[O-]2, 15.79
[H]c1c2c(c(S(=O)(=O)[O-])c([H])c1S(=O)(=O)[O-])[O-]->[Mg+2]<-[O-]2, 8.66
[H]c1c2c(c(S(=O)(=O)[O-])c([H])c1S(=O)(=O)[O-])[O-]->[Ca+2]<-[O-]2, 7.60
[H]c1c2c(c(S(=O)(=O)[O-])c([H])c1S(=O)(=O)[O-])[O-]->[Hg+2]<-[O-]2, 21.66
[H]c1c2c(c(S(=O)(=O)[O-])c([H])c1S(=O)(=O)[O-])[O-]->[Cu+2]<-[O-]2, 16.12
[H]c1c2c(c(S(=O)(=O)[O-])c([H])c1S(=O)(=O)[O-])[O-]->[Ho+3]<-[O-]2, 17.20
[H]c1c2c(c(S(=O)(=O)[O-])c([H])c1S(=O)(=O)[O-])[O-]->[Sm+3]<-[O-]2, 17.07
[H]c1c2c(c(S(=O)(=O)[O-])c([H])c1S(=O)(=O)[O-])[O-]->[Gd+3]<-[O-]2, 16.83
[H]c1c2c(c(S(=O)(=O)[O-])c([H])c1S(=O)(=O)[O-])[O-]->[U+2]<-[O-]2, 17.70
[H]c1c2c(c(S(=O)(=O)[O-])c([H])c1S(=O)(=O)[O-])[O-]->[Tm+3]<-[O-]2, 17.25
[H]c1c2c(c(S(=O)(=O)[O-])c([H])c1S(=O)(=O)[O-])[O-]->[Ba+2]<-[O-]2, 5.90
[H]c1c2c(c(S(=O)(=O)[O-])c([H])c1S(=O)(=O)[O-])[O-]->[Pr+3]<-[O-]2, 16.43
[H]c1c2c(c(S(=O)(=O)[O-])c([H])c1S(=O)(=O)[O-])[O-]->[In+3]<-[O-]2, 20.42
[H]c1c2c(c(S(=O)(=O)[O-])c([H])c1S(=O)(=O)[O-])[O-]->[Ce+3]<-[O-]2, 16.29
[H]c1c2c(c(S(=O)(=O)[O-])c([H])c1S(=O)(=O)[O-])[O-]->[Lu+3]<-[O-]2, 16.92
[H]c1c2c(c(S(=O)(=O)[O-])c([H])c1S(=O)(=O)[O-])[O-]->[Sr+2]<-[O-]2, 6.35
[H]c1c2c(c(S(=O)(=O)[O-])c([H])c1S(=O)(=O)[O-])[O-]->[Fe+3]<-[O-]2, 22.87
[H]c1c2c(c(S(=O)(=O)[O-])c([H])c1S(=O)(=O)[O-])[O-]->[Dy+3]<-[O-]2, 17.04
[H]c1c2c(c(S(=O)(=O)[O-])c([H])c1S(=O)(=O)[O-])[O-]->[Co+2]<-[O-]2, 10.96
[H]c1c2c(c(S(=O)(=O)[O-])c([H])c1S(=O)(=O)[O-])[O-]->[Al+3]<-[O-]2, 19.13
[H]c1c2c(c(S(=O)(=O)[O-])c([H])c1S(=O)(=O)[O-])[O-]->[Yb+3]<-[O-]2, 17.35
[H]c1c2c(c(S(=O)(=O)[O-])c([H])c1S(=O)(=O)[O-])[O-]->[Eu+3]<-[O-]2, 16.15
[H]c1c2c(c(S(=O)(=O)[O-])c([H])c1S(=O)(=O)[O-])[O-]->[V+2]<-[O-]2, 18.70
[H]c1c2c(c(S(=O)(=O)[O-])c([H])c1S(=O)(=O)[O-])[O-]->[Cd+2]<-[O-]2, 10.50
[H]c1c2c(c(S(=O)(=O)[O-])c([H])c1S(=O)(=O)[O-])[O-]->[Ni+2]<-[O-]2, 11.33
[H]c1c2c(c(S(=O)(=O)[O-])c([H])c1S(=O)(=O)[O-])[O-]->[Ga+3]<-[O-]2, 21.83
[H]c1c2c(c(S(=O)(=O)[O-])c([H])c1S(=O)(=O)[O-])[O-]->[Be+2]<-[O-]2, 14.44
[H]c1c2c(c(S(=O)(=O)[O-])c([H])c1S(=O)(=O)[O-])[O-]->[Pb+2]<-[O-]2, 14.62
[H]c1c2c(c(S(=O)(=O)[O-])c([H])c1S(=O)(=O)[O-])[O-]->[Mn+2]<-[O-]2, 10.11
[H]c1c2c(c(S(=O)(=O)[O-])c([H])c1S(=O)(=O)[O-])[O-]->[Sc+3]<-[O-]2, 21.29
[H]c1c2c(c(S(=O)(=O)[O-])c([H])c1S(=O)(=O)[O-])[O-]->[Tb+3]<-[O-]2, 16.99
[H]c1c2c(c(S(=O)(=O)[O-])c([H])c1S(=O)(=O)[O-])[O-]->[Nd+3]<-[O-]2, 16.63
[H]c1c2c(c(S(=O)(=O)[O-])c([H])c1S(=O)(=O)[O-])[O-]->[Er+3]<-[O-]2, 17.24
[H]c1c2c(c(S(=O)(=O)[O-])c([H])c1S(=O)(=O)[O-])[O-]->[Y+3]<-[O-]2, 17.25
[H]c1c2c(c(S(=O)(=O)[O-])c([H])c1S(=O)(=O)[O-])[O-]->[Th+4]<-[O-]2, 21.69
[H]C(=O)[O-]->[Cd+2], 1.72
[H]C(=O)[O-]->[Er+3], 1.78
[H]C(=O)[O-]->[Dy+3], 1.88
[H]C(=O)[O-]->[U+2], 2.47
[H]C(=O)[O-]->[Sm+3], 1.90
[H]C(=O)[O-]->[Tm+3], 1.75
[H]C(=O)[O-]->[Cr+2], 1.07
[H]C(=O)[O-]->[Cr+3], 2.85
[H]C(=O)[O-]->[V+2], 2.59
[H]C(=O)[O-]->[Pu+4], 4.86
[H]C(=O)[O-]->[Ba+2], 0.64
[H]C(=O)[O-]->[Eu+3], 2.07
[H]C(=O)[O-]->[Al+3], 2.25
[H]C(=O)[O-]->[Tb+3], 1.91
[H]C(=O)[O-]->[Hg+2], 3.30
[H]C(=O)[O-]->[Pb+2], 2.24
[H]C(=O)[O-]->[Ni+2], 1.30
[H]C(=O)[O-]->[Nd+3], 1.82
[H]C(=O)[O-]->[Co+2], 1.13
[H]C(=O)[O-]->[Yb+3], 1.73
[H]C(=O)[O-]->[Gd+3], 2.01
[H]C(=O)[O-]->[Zn+2], 1.45
[H]C(=O)[O-]->[Th+4], 4.31
[H]C(=O)[O-]->[La+3], 1.78
[H]C(=O)[O-]->[Fe+3], 2.60
[H]C(=O)[O-]->[Mn+2], 1.41
[H]C(=O)[O-]->[Ho+3], 1.81
[H]C(=O)[O-]->[Sr+2], 0.66
[H]C(=O)[O-]->[Cu+2], 1.96
[H]C(=O)[O-]->[Ca+2], 0.91
[H]C(=O)[O-]->[Pr+3], 1.81
[H]C(=O)[O-]->[Lu+3], 1.66
[H]C(=O)[O-]->[Ce+3], 1.79
[H]C(=O)[O-]->[Pd+2], 4.28
[H]C(=O)[O-]->[Y+3], 1.79
[H]C(=O)[O-]->[Mg+2], 1.09
[H]c1c([H])c([H])n2->[La+3]<-[O-]C(=O)c2c1[H], 4.18
[H]c1c([H])c([H])n2->[In+3]<-[O-]C(=O)c2c1[H], 6.48
[H]c1c([H])c([H])n2->[Ce+3]<-[O-]C(=O)c2c1[H], 4.35
[H]c1c([H])c([H])n2->[Ca+2]<-[O-]C(=O)c2c1[H], 2.24
[H]c1c([H])c([H])n2->[Al+3]<-[O-]C(=O)c2c1[H], 5.31
[H]c1c([H])c([H])n2->[Ho+3]<-[O-]C(=O)c2c1[H], 4.88
[H]c1c([H])c([H])n2->[Mn+2]<-[O-]C(=O)c2c1[H], 3.95
[H]c1c([H])c([H])n2->[Er+3]<-[O-]C(=O)c2c1[H], 4.93
[H]c1c([H])c([H])n2->[Cd+2]<-[O-]C(=O)c2c1[H], 4.84
[H]c1c([H])c([H])n2->[Ni+2]<-[O-]C(=O)c2c1[H], 7.21
[H]c1c([H])c([H])n2->[Nd+3]<-[O-]C(=O)c2c1[H], 4.52
[H]c1c([H])c([H])n2->[Co+2]<-[O-]C(=O)c2c1[H], 6.22
[H]c1c([H])c([H])n2->[Ag+]<-[O-]C(=O)c2c1[H], 3.68
[H]c1c([H])c([H])n2->[Mg+2]<-[O-]C(=O)c2c1[H], 2.73
[H]c1c([H])c([H])n2->[V+2]<-[O-]C(=O)c2c1[H], 7.16
[H]c1c([H])c([H])n2->[Pu+2]<-[O-]C(=O)c2c1[H], 5.03
[H]c1c([H])c([H])n2->[Ba+2]<-[O-]C(=O)c2c1[H], 1.87
[H]c1c([H])c([H])n2->[Fe+3]<-[O-]C(=O)c2c1[H], 6.78
[H]c1c([H])c([H])n2->[Fe+2]<-[O-]C(=O)c2c1[H], 5.19
[H]c1c([H])c([H])n2->[Sr+2]<-[O-]C(=O)c2c1[H], 1.99
[H]c1c([H])c([H])n2->[Sm+3]<-[O-]C(=O)c2c1[H], 4.66
[H]c1c([H])c([H])n2->[Pr+3]<-[O-]C(=O)c2c1[H], 4.46
[H]c1c([H])c([H])n2->[Dy+3]<-[O-]C(=O)c2c1[H], 4.84
[H]c1c([H])c([H])n2->[Eu+3]<-[O-]C(=O)c2c1[H], 4.66
[H]c1c([H])c([H])n2->[Tb+3]<-[O-]C(=O)c2c1[H], 4.77
[H]c1c([H])c([H])n2->[Cu+2]<-[O-]C(=O)c2c1[H], 8.45
[H]c1c([H])c([H])n2->[Lu+3]<-[O-]C(=O)c2c1[H], 5.08
[H]c1c([H])c([H])n2->[Gd+3]<-[O-]C(=O)c2c1[H], 4.65
[H]c1c([H])c([H])n2->[Y+3]<-[O-]C(=O)c2c1[H], 6.67
[H]c1c([H])c([H])n2->[V+3]<-[O-]C(=O)c2c1[H], 7.10
[H]c1c([H])c([H])n2->[Hg+2]<-[O-]C(=O)c2c1[H], 8.46
[H]c1c([H])c([H])n2->[Yb+3]<-[O-]C(=O)c2c1[H], 5.09
[H]c1c([H])c([H])n2->[Pb+2]<-[O-]C(=O)c2c1[H], 5.04
[H]c1c([H])c([H])n2->[Zn+2]<-[O-]C(=O)c2c1[H], 5.69
[H]c1c([H])c([H])n2->[Tm+3]<-[O-]C(=O)c2c1[H], 5.01
[H]O1->[Pb+2]<-N([H])([H])C([H])([H])C1([H])[H], 4.10
[H]O1->[Cd+2]<-N([H])([H])C([H])([H])C1([H])[H], 2.70
[H]O1->[Hg+2]<-N([H])([H])C([H])([H])C1([H])[H], 8.71
[H]O1->[Ni+2]<-N([H])([H])C([H])([H])C1([H])[H], 3.20
[H]O1->[Ag+]<-N([H])([H])C([H])([H])C1([H])[H], 3.23
[H]O1->[Zn+2]<-N([H])([H])C([H])([H])C1([H])[H], 2.58
[H]O1->[Mn+2]<-N([H])([H])C([H])([H])C1([H])[H], 0.84
[H]O1->[Fe+2]<-N([H])([H])C([H])([H])C1([H])[H], 1.90
[H]O1->[Cu+2]<-N([H])([H])C([H])([H])C1([H])[H], 4.54
[H]O1->[Co+2]<-N([H])([H])C([H])([H])C1([H])[H], 2.35
[H]c1c([H])c([H])n2->[Cd+2]<-N([H])([H])C([H])([H])c2c1[H], 4.49
[H]c1c([H])c([H])n2->[Co+2]<-N([H])([H])C([H])([H])c2c1[H], 5.48
[H]c1c([H])c([H])n2->[Zn+2]<-N([H])([H])C([H])([H])c2c1[H], 5.33
[H]c1c([H])c([H])n2->[Ag+]<-N([H])([H])C([H])([H])c2c1[H], 3.35
[H]c1c([H])c([H])n2->[Mn+2]<-N([H])([H])C([H])([H])c2c1[H], 2.66
[H]c1c([H])c([H])n2->[Fe+2]<-N([H])([H])C([H])([H])c2c1[H], 3.96
[H]c1c([H])c([H])n2->[Ni+2]<-N([H])([H])C([H])([H])c2c1[H], 7.20
[H]c1c([H])c([H])n2->[Cu+2]<-N([H])([H])C([H])([H])c2c1[H], 9.60
[H]O1->[Ho+3]<-[O-]C(=O)C1([H])C([H])([H])[H], 3.62
[H]O1->[Eu+3]<-[O-]C(=O)C1([H])C([H])([H])[H], 3.46
[H]O1->[U+4]<-[O-]C(=O)C1([H])C([H])([H])[H], 5.62
[H]O1->[V+2]<-[O-]C(=O)C1([H])C([H])([H])[H], 3.32
[H]O1->[Be+2]<-[O-]C(=O)C1([H])C([H])([H])[H], 1.96
[H]O1->[Cu+2]<-[O-]C(=O)C1([H])C([H])([H])[H], 3.04
[H]O1->[Al+3]<-[O-]C(=O)C1([H])C([H])([H])[H], 3.26
[H]O1->[Pr+3]<-[O-]C(=O)C1([H])C([H])([H])[H], 3.41
[H]O1->[Sc+3]<-[O-]C(=O)C1([H])C([H])([H])[H], 4.82
[H]O1->[Mg+2]<-[O-]C(=O)C1([H])C([H])([H])[H], 1.44
[H]O1->[U+2]<-[O-]C(=O)C1([H])C([H])([H])[H], 3.21
[H]O1->[Ni+2]<-[O-]C(=O)C1([H])C([H])([H])[H], 2.16
[H]O1->[Sr+2]<-[O-]C(=O)C1([H])C([H])([H])[H], 1.07
[H]O1->[Y+3]<-[O-]C(=O)C1([H])C([H])([H])[H], 3.65
[H]O1->[Sm+3]<-[O-]C(=O)C1([H])C([H])([H])[H], 3.49
[H]O1->[Mn+2]<-[O-]C(=O)C1([H])C([H])([H])[H], 1.62
[H]O1->[Zn+2]<-[O-]C(=O)C1([H])C([H])([H])[H], 2.35
[H]O1->[In+3]<-[O-]C(=O)C1([H])C([H])([H])[H], 4.17
[H]O1->[Th+4]<-[O-]C(=O)C1([H])C([H])([H])[H], 5.18
[H]O1->[Nd+3]<-[O-]C(=O)C1([H])C([H])([H])[H], 3.52
[H]O1->[Er+3]<-[O-]C(=O)C1([H])C([H])([H])[H], 3.80
[H]O1->[Cr+2]<-[O-]C(=O)C1([H])C([H])([H])[H], 3.91
[H]O1->[Ga+3]<-[O-]C(=O)C1([H])C([H])([H])[H], 3.65
[H]O1->[Li+]<-[O-]C(=O)C1([H])C([H])([H])[H], 0.00
[H]O1->[Co+2]<-[O-]C(=O)C1([H])C([H])([H])[H], 2.08
[H]O1->[Pb+2]<-[O-]C(=O)C1([H])C([H])([H])[H], 2.53
[H]O1->[Tb+3]<-[O-]C(=O)C1([H])C([H])([H])[H], 3.52
[H]O1->[Pd+2]<-[O-]C(=O)C1([H])C([H])([H])[H], 4.40
[H]O1->[Am+3]<-[O-]C(=O)C1([H])C([H])([H])[H], 3.35
[H]O1->[Hg+2]<-[O-]C(=O)C1([H])C([H])([H])[H], 4.12
[H]O1->[Ce+3]<-[O-]C(=O)C1([H])C([H])([H])[H], 3.27
[H]O1->[Ca+2]<-[O-]C(=O)C1([H])C([H])([H])[H], 1.49
[H]O1->[Ba+2]<-[O-]C(=O)C1([H])C([H])([H])[H], 0.87
[H]O1->[Tm+3]<-[O-]C(=O)C1([H])C([H])([H])[H], 3.80
[H]O1->[Cd+2]<-[O-]C(=O)C1([H])C([H])([H])[H], 1.82
[H]O1->[Yb+3]<-[O-]C(=O)C1([H])C([H])([H])[H], 3.10
[H]O1->[La+3]<-[O-]C(=O)C1([H])C([H])([H])[H], 3.21
[H]O1->[Dy+3]<-[O-]C(=O)C1([H])C([H])([H])[H], 3.62
[H]O1->[Lu+3]<-[O-]C(=O)C1([H])C([H])([H])[H], 3.97
[H]O1->[Gd+3]<-[O-]C(=O)C1([H])C([H])([H])[H], 3.53
[H]c1c([H])c([H])c2c(c1[H])c([H])c(C([H])([H])C1([H])C(=O)[O-]->[Cd+2]<-N1([H])[H])n2[H], 5.01
[H]c1c([H])c([H])c2c(c1[H])c([H])c(C([H])([H])C1([H])C(=O)[O-]->[Fe+3]<-N1([H])[H])n2[H], 9.92
[H]c1c([H])c([H])c2c(c1[H])c([H])c(C([H])([H])C1([H])C(=O)[O-]->[Mn+2]<-N1([H])[H])n2[H], 3.01
[H]c1c([H])c([H])c2c(c1[H])c([H])c(C([H])([H])C1([H])C(=O)[O-]->[Mg+2]<-N1([H])[H])n2[H], 2.41
[H]c1c([H])c([H])c2c(c1[H])c([H])c(C([H])([H])C1([H])C(=O)[O-]->[Zn+2]<-N1([H])[H])n2[H], 5.33
[H]c1c([H])c([H])c2c(c1[H])c([H])c(C([H])([H])C1([H])C(=O)[O-]->[U+2]<-N1([H])[H])n2[H], 7.93
[H]c1c([H])c([H])c2c(c1[H])c([H])c(C([H])([H])C1([H])C(=O)[O-]->[Co+2]<-N1([H])[H])n2[H], 4.92
[H]c1c([H])c([H])c2c(c1[H])c([H])c(C([H])([H])C1([H])C(=O)[O-]->[Am+3]<-N1([H])[H])n2[H], 5.52
[H]c1c([H])c([H])c2c(c1[H])c([H])c(C([H])([H])C1([H])C(=O)[O-]->[Ni+2]<-N1([H])[H])n2[H], 5.94
[H]c1c([H])c([H])c2c(c1[H])c([H])c(C([H])([H])C1([H])C(=O)[O-]->[V+2]<-N1([H])[H])n2[H], 8.03
[H]c1c([H])c([H])c2c(c1[H])c([H])c(C([H])([H])C1([H])C(=O)[O-]->[Cu+2]<-N1([H])[H])n2[H], 8.13
[H]c1c([H])c([H])c2c(c1[H])c([H])c(C([H])([H])C1([H])C(=O)[O-]->[Hg+2]<-N1([H])[H])n2[H], 12.15
[H]c1c([H])c([H])c2c(c1[H])c([H])c(C([H])([H])C1([H])C(=O)[O-]->[Fe+2]<-N1([H])[H])n2[H], 4.04
[H]c1c([H])c([H])c2c(c1[H])c([H])c(C([H])([H])C1([H])C(=O)[O-]->[Ag+]<-N1([H])[H])n2[H], 3.85
[H]C([H])(C(=O)[O-])C([H])([H])C([H])([H])C(=O)[O-]->[Sm+3], 4.59
[H]C([H])(C(=O)[O-])C([H])([H])C([H])([H])C(=O)[O-]->[Dy+3], 4.48
[H]C([H])(C(=O)[O-])C([H])([H])C([H])([H])C(=O)[O-]->[U+2], 4.72
[H]C([H])(C(=O)[O-])C([H])([H])C([H])([H])C(=O)[O-]->[Ni+2], 2.50
[H]C([H])(C(=O)[O-])C([H])([H])C([H])([H])C(=O)[O-]->[Sc+3], 5.69
[H]C([H])(C(=O)[O-])C([H])([H])C([H])([H])C(=O)[O-]->[Mn+2], 2.17
[H]C([H])(C(=O)[O-])C([H])([H])C([H])([H])C(=O)[O-]->[Zn+2], 2.60
[H]C([H])(C(=O)[O-])C([H])([H])C([H])([H])C(=O)[O-]->[Er+3], 4.44
[H]C([H])(C(=O)[O-])C([H])([H])C([H])([H])C(=O)[O-]->[Co+2], 2.28
[H]C([H])(C(=O)[O-])C([H])([H])C([H])([H])C(=O)[O-]->[Cu+2], 3.34
[H]C([H])(C(=O)[O-])C([H])([H])C([H])([H])C(=O)[O-]->[Fe+3], 8.89
[H]C([H])(C(=O)[O-])C([H])([H])C([H])([H])C(=O)[O-]->[Be+2], 3.94
[H]C([H])(C(=O)[O-])C([H])([H])C([H])([H])C(=O)[O-]->[Gd+3], 5.89
[H]C([H])(C(=O)[O-])C([H])([H])C([H])([H])C(=O)[O-]->[Sr+2], 1.64
[H]C([H])(C(=O)[O-])C([H])([H])C([H])([H])C(=O)[O-]->[Pr+3], 4.52
[H]C([H])(C(=O)[O-])C([H])([H])C([H])([H])C(=O)[O-]->[La+3], 4.08
[H]C([H])(C(=O)[O-])C([H])([H])C([H])([H])C(=O)[O-]->[Ba+2], 2.04
[H]C([H])(C(=O)[O-])C([H])([H])C([H])([H])C(=O)[O-]->[Mg+2], 2.18
[H]C([H])(C(=O)[O-])C([H])([H])C([H])([H])C(=O)[O-]->[Pb+2], 3.83
[H]C([H])(C(=O)[O-])C([H])([H])C([H])([H])C(=O)[O-]->[Eu+3], 4.08
[H]C([H])(C(=O)[O-])C([H])([H])C([H])([H])C(=O)[O-]->[Cd+2], 2.90
[H]C([H])(C(=O)[O-])C([H])([H])C([H])([H])C(=O)[O-]->[Th+4], 8.63
[H]C([H])(C(=O)[O-])C([H])([H])C([H])([H])C(=O)[O-]->[Lu+3], 4.51
[H]C([H])(C(=O)[O-])C([H])([H])C([H])([H])C(=O)[O-]->[Ca+2], 1.88
[H]c1c([H])c([H])c([O-]->[Ag+])c([H])c1[H], 0.53
[H]c1c([H])c([H])c([O-]->[La+3])c([H])c1[H], 2.18
[H]c1c([H])c([H])c([O-]->[Hg+2])c([H])c1[H], 8.85
[H]c1c([H])c([H])c([O-]->[Fe+3])c([H])c1[H], 8.47
[H]c1c([H])c([H])c([O-]->[Sc+3])c([H])c1[H], 7.84
[H]c1c([H])c([H])c([O-]->[Th+4])c([H])c1[H], 9.34
[H]c1c([H])c([H])c([O-]->[U+2])c([H])c1[H], 6.25
[H]c1c([H])c([H])c([O-]->[Y+3])c([H])c1[H], 3.07
[H]C1([H])C([H])([H])N([H])([H])->[Cu+2]<-N1([H])[H], 10.51
[H]C1([H])C([H])([H])N([H])([H])->[Ag+]<-N1([H])[H], 5.02
[H]C1([H])C([H])([H])N([H])([H])->[Ni+2]<-N1([H])[H], 7.49
[H]C1([H])C([H])([H])N([H])([H])->[Hg+2]<-N1([H])[H], 14.23
[H]C1([H])C([H])([H])N([H])([H])->[Pb+2]<-N1([H])[H], 5.07
[H]C1([H])C([H])([H])N([H])([H])->[Cd+2]<-N1([H])[H], 5.54
[H]C1([H])C([H])([H])N([H])([H])->[Fe+2]<-N1([H])[H], 4.33
[H]C1([H])C([H])([H])N([H])([H])->[Mg+2]<-N1([H])[H], 0.37
[H]C1([H])C([H])([H])N([H])([H])->[Ga+3]<-N1([H])[H], 12.72
[H]C1([H])C([H])([H])N([H])([H])->[Ca+2]<-N1([H])[H], 0.09
[H]C1([H])C([H])([H])N([H])([H])->[Mn+2]<-N1([H])[H], 2.78
[H]C1([H])C([H])([H])N([H])([H])->[Co+2]<-N1([H])[H], 5.72
[H]C1([H])C([H])([H])N([H])([H])->[Cr+2]<-N1([H])[H], 5.32
[H]C1([H])C([H])([H])N([H])([H])->[Zn+2]<-N1([H])[H], 5.83
[H]c1c([H])c([H])c(C([H])([H])C2([H])C(=O)[O-]->[Co+2]<-N2([H])[H])c([H])c1[H], 4.63
[H]c1c([H])c([H])c(C([H])([H])C2([H])C(=O)[O-]->[Fe+3]<-N2([H])[H])c([H])c1[H], 9.82
[H]c1c([H])c([H])c(C([H])([H])C2([H])C(=O)[O-]->[Th+4]<-N2([H])[H])c([H])c1[H], 8.74
[H]c1c([H])c([H])c(C([H])([H])C2([H])C(=O)[O-]->[Ni+2]<-N2([H])[H])c([H])c1[H], 5.60
[H]c1c([H])c([H])c(C([H])([H])C2([H])C(=O)[O-]->[Zn+2]<-N2([H])[H])c([H])c1[H], 5.05
[H]c1c([H])c([H])c(C([H])([H])C2([H])C(=O)[O-]->[Pd+2]<-N2([H])[H])c([H])c1[H], 9.96
[H]c1c([H])c([H])c(C([H])([H])C2([H])C(=O)[O-]->[Cd+2]<-N2([H])[H])c([H])c1[H], 4.47
[H]c1c([H])c([H])c(C([H])([H])C2([H])C(=O)[O-]->[Cu+2]<-N2([H])[H])c([H])c1[H], 8.18
[H]c1c([H])c([H])c(C([H])([H])C2([H])C(=O)[O-]->[Mg+2]<-N2([H])[H])c([H])c1[H], 2.14
[H]c1c([H])c([H])c(C([H])([H])C2([H])C(=O)[O-]->[V+2]<-N2([H])[H])c([H])c1[H], 8.30
[H]c1c([H])c([H])c(C([H])([H])C2([H])C(=O)[O-]->[Fe+2]<-N2([H])[H])c([H])c1[H], 3.87
[H]c1c([H])c([H])c(C([H])([H])C2([H])C(=O)[O-]->[U+2]<-N2([H])[H])c([H])c1[H], 7.10
[H]c1c([H])c([H])c(C([H])([H])C2([H])C(=O)[O-]->[Pb+2]<-N2([H])[H])c([H])c1[H], 4.63
[H]c1c([H])c([H])c(C([H])([H])C2([H])C(=O)[O-]->[Y+3]<-N2([H])[H])c([H])c1[H], 5.94
[H]c1c([H])c([H])c(C([H])([H])C2([H])C(=O)[O-]->[Mn+2]<-N2([H])[H])c([H])c1[H], 2.83
[H]c1c([H])c2n(->[Ba+2]<-[O-]C2=O)c(C([H])([H])[H])c1[H], 2.50
[H]c1c([H])c2n(->[Sr+2]<-[O-]C2=O)c(C([H])([H])[H])c1[H], 2.55
[H]c1c([H])c2n(->[Co+2]<-[O-]C2=O)c(C([H])([H])[H])c1[H], 4.92
[H]c1c([H])c2n(->[Cu+2]<-[O-]C2=O)c(C([H])([H])[H])c1[H], 6.61
[H]c1c([H])c2n(->[Mg+2]<-[O-]C2=O)c(C([H])([H])[H])c1[H], 2.45
[H]c1c([H])c2n(->[V+3]<-[O-]C2=O)c(C([H])([H])[H])c1[H], 6.80
[H]c1c([H])c2n(->[Ag+]<-[O-]C2=O)c(C([H])([H])[H])c1[H], 4.07
[H]c1c([H])c2n(->[Ca+2]<-[O-]C2=O)c(C([H])([H])[H])c1[H], 2.70
[H]c1c([H])c2n(->[Cd+2]<-[O-]C2=O)c(C([H])([H])[H])c1[H], 4.85
[H]c1c([H])c2n(->[Mn+2]<-[O-]C2=O)c(C([H])([H])[H])c1[H], 3.80
[H]c1c([H])c2n(->[Zn+2]<-[O-]C2=O)c(C([H])([H])[H])c1[H], 4.77
[H]c1c([H])c2n(->[Fe+2]<-[O-]C2=O)c(C([H])([H])[H])c1[H], 4.55
[H]c1c([H])c2n(->[Ni+2]<-[O-]C2=O)c(C([H])([H])[H])c1[H], 5.46
[H]c1c([H])c2n(->[V+2]<-[O-]C2=O)c(C([H])([H])[H])c1[H], 5.68
[H]C1([H])C(=O)[O-]->[Mg+2]<-N([H])([H])C1([H])[H], 2.02
[H]C1([H])C(=O)[O-]->[Ni+2]<-N([H])([H])C1([H])[H], 5.09
[H]C1([H])C(=O)[O-]->[Cr+2]<-N([H])([H])C1([H])[H], 4.50
[H]C1([H])C(=O)[O-]->[Co+2]<-N([H])([H])C1([H])[H], 4.06
[H]C1([H])C(=O)[O-]->[Cu+2]<-N([H])([H])C1([H])[H], 7.48
[H]C1([H])C(=O)[O-]->[Zn+2]<-N([H])([H])C1([H])[H], 4.60
[H]C1([H])C(=O)[O-]->[In+3]<-N([H])([H])C1([H])[H], 8.67
[H]C1([H])C(=O)[O-]->[Ag+]<-N([H])([H])C1([H])[H], 3.82
[H]C1([H])C(=O)[O-]->[Mn+2]<-N([H])([H])C1([H])[H], 3.15
[H]C1([H])C(=O)[O-]->[Cr+3]<-N([H])([H])C1([H])[H], 10.36
[H]C1([H])C(=O)[O-]->[U+2]<-N([H])([H])C1([H])[H], 8.38
[H]C1([H])C(=O)[O-]->[Ca+2]<-N([H])([H])C1([H])[H], 2.15
[H]C1([H])C(=O)[O-]->[V+2]<-N([H])([H])C1([H])[H], 8.34
[H]C1=C([H])C(=O)[O-]->[Mg+2]<-[O-]C1=O, 2.30
[H]C1=C([H])C(=O)[O-]->[Co+2]<-[O-]C1=O, 3.92
[H]C1=C([H])C(=O)[O-]->[U+2]<-[O-]C1=O, 5.90
[H]C1=C([H])C(=O)[O-]->[Zn+2]<-[O-]C1=O, 3.06
[H]C1=C([H])C(=O)[O-]->[Th+4]<-[O-]C1=O, 8.79
[H]C1=C([H])C(=O)[O-]->[Sc+3]<-[O-]C1=O, 7.33
[H]C1=C([H])C(=O)[O-]->[Be+2]<-[O-]C1=O, 5.28
[H]C1=C([H])C(=O)[O-]->[V+2]<-[O-]C1=O, 5.31
[H]C1=C([H])C(=O)[O-]->[Ca+2]<-[O-]C1=O, 2.47
[H]C1=C([H])C(=O)[O-]->[Cr+3]<-[O-]C1=O, 6.75
[H]C1=C([H])C(=O)[O-]->[Nd+3]<-[O-]C1=O, 4.91
[H]C1=C([H])C(=O)[O-]->[Na+]<-[O-]C1=O, 1.28
[H]C1=C([H])C(=O)[O-]->[Ho+3]<-[O-]C1=O, 4.92
[H]C1=C([H])C(=O)[O-]->[Cu+2]<-[O-]C1=O, 4.32
[H]C1=C([H])C(=O)[O-]->[Ba+2]<-[O-]C1=O, 2.30
[H]C1=C([H])C(=O)[O-]->[In+3]<-[O-]C1=O, 6.52
[H]C1=C([H])C(=O)[O-]->[Y+3]<-[O-]C1=O, 4.96
[H]C1=C([H])C(=O)[O-]->[Yb+3]<-[O-]C1=O, 4.88
[H]C1=C([H])C(=O)[O-]->[Pr+3]<-[O-]C1=O, 4.87
[H]C1=C([H])C(=O)[O-]->[Cd+2]<-[O-]C1=O, 3.27
[H]C1=C([H])C(=O)[O-]->[Mn+2]<-[O-]C1=O, 2.72
[H]C1=C([H])C(=O)[O-]->[Dy+3]<-[O-]C1=O, 5.15
[H]C1=C([H])C(=O)[O-]->[Al+3]<-[O-]C1=O, 6.45
[H]C1=C([H])C(=O)[O-]->[Pu+2]<-[O-]C1=O, 5.47
[H]C1=C([H])C(=O)[O-]->[La+3]<-[O-]C1=O, 4.69
[H]C1=C([H])C(=O)[O-]->[Er+3]<-[O-]C1=O, 4.89
[H]C1=C([H])C(=O)[O-]->[Sm+3]<-[O-]C1=O, 5.06
[H]C1=C([H])C(=O)[O-]->[Sr+2]<-[O-]C1=O, 2.14
[H]C1=C([H])C(=O)[O-]->[Ni+2]<-[O-]C1=O, 2.75
[H]C1=C([H])C(=O)[O-]->[Lu+3]<-[O-]C1=O, 4.94
[H]C1=C([H])C(=O)[O-]->[Tb+3]<-[O-]C1=O, 5.09
[H]C1=C([H])C(=O)[O-]->[Tm+3]<-[O-]C1=O, 4.97
[H]C1=C([H])C(=O)[O-]->[K+]<-[O-]C1=O, 1.21
[H]C1=C([H])C(=O)[O-]->[Pb+2]<-[O-]C1=O, 3.91
[H]C1=C([H])C(=O)[O-]->[Gd+3]<-[O-]C1=O, 5.14
[H]C1=C([H])C(=O)[O-]->[Eu+3]<-[O-]C1=O, 5.06
[H]C1=C([H])C(=O)[O-]->[Li+]<-[O-]C1=O, 1.36
[H]c1c([H])c([H])c(C(=O)[O-]->[Ho+3])c([H])c1[H], 2.68
[H]c1c([H])c([H])c(C(=O)[O-]->[Ag+])c([H])c1[H], 1.02
[H]c1c([H])c([H])c(C(=O)[O-]->[Gd+3])c([H])c1[H], 2.75
[H]c1c([H])c([H])c(C(=O)[O-]->[Pb+2])c([H])c1[H], 2.56
[H]c1c([H])c([H])c(C(=O)[O-]->[Pr+3])c([H])c1[H], 2.73
[H]c1c([H])c([H])c(C(=O)[O-]->[Lu+3])c([H])c1[H], 2.59
[H]c1c([H])c([H])c(C(=O)[O-]->[Mn+2])c([H])c1[H], 1.23
[H]c1c([H])c([H])c(C(=O)[O-]->[Zn+2])c([H])c1[H], 1.48
[H]c1c([H])c([H])c(C(=O)[O-]->[Eu+3])c([H])c1[H], 2.83
[H]c1c([H])c([H])c(C(=O)[O-]->[Tm+3])c([H])c1[H], 2.63
[H]c1c([H])c([H])c(C(=O)[O-]->[La+3])c([H])c1[H], 2.59
[H]c1c([H])c([H])c(C(=O)[O-]->[Tb+3])c([H])c1[H], 2.62
[H]c1c([H])c([H])c(C(=O)[O-]->[U+2])c([H])c1[H], 3.06
[H]c1c([H])c([H])c(C(=O)[O-]->[Ni+2])c([H])c1[H], 1.25
[H]c1c([H])c([H])c(C(=O)[O-]->[Cu+2])c([H])c1[H], 2.13
[H]c1c([H])c([H])c(C(=O)[O-]->[Cd+2])c([H])c1[H], 1.68
[H]c1c([H])c([H])c(C(=O)[O-]->[Sm+3])c([H])c1[H], 2.88
[H]c1c([H])c([H])c(C(=O)[O-]->[Er+3])c([H])c1[H], 2.59
[H]c1c([H])c([H])c(C(=O)[O-]->[Yb+3])c([H])c1[H], 2.61
[H]c1c([H])c([H])c(C(=O)[O-]->[Nd+3])c([H])c1[H], 2.82
[H]c1c([H])c([H])c(C(=O)[O-]->[Co+2])c([H])c1[H], 1.17
[H]c1c([H])c([H])c(C(=O)[O-]->[Dy+3])c([H])c1[H], 2.63
[H]C1([H])C(=O)[O-]->[Sc+3]<-[O-]C1=O, 7.92
[H]C1([H])C(=O)[O-]->[U+2]<-[O-]C1=O, 6.48
[H]C1([H])C(=O)[O-]->[Nd+3]<-[O-]C1=O, 5.44
[H]C1([H])C(=O)[O-]->[Sm+3]<-[O-]C1=O, 5.68
[H]C1([H])C(=O)[O-]->[Al+3]<-[O-]C1=O, 7.56
[H]C1([H])C(=O)[O-]->[Eu+3]<-[O-]C1=O, 5.52
[H]C1([H])C(=O)[O-]->[Pr+3]<-[O-]C1=O, 5.56
[H]C1([H])C(=O)[O-]->[Co+2]<-[O-]C1=O, 3.78
[H]C1([H])C(=O)[O-]->[Ce+3]<-[O-]C1=O, 5.23
[H]C1([H])C(=O)[O-]->[Mg+2]<-[O-]C1=O, 2.85
[H]C1([H])C(=O)[O-]->[Mn+2]<-[O-]C1=O, 3.42
[H]C1([H])C(=O)[O-]->[Dy+3]<-[O-]C1=O, 5.76
[H]C1([H])C(=O)[O-]->[Th+4]<-[O-]C1=O, 9.98
[H]C1([H])C(=O)[O-]->[La+3]<-[O-]C1=O, 5.16
[H]C1([H])C(=O)[O-]->[Ho+3]<-[O-]C1=O, 5.71
[H]C1([H])C(=O)[O-]->[Ca+2]<-[O-]C1=O, 2.53
[H]C1([H])C(=O)[O-]->[Yb+3]<-[O-]C1=O, 5.80
[H]C1([H])C(=O)[O-]->[Cr+2]<-[O-]C1=O, 4.81
[H]C1([H])C(=O)[O-]->[Ga+3]<-[O-]C1=O, 8.65
[H]C1([H])C(=O)[O-]->[Pb+2]<-[O-]C1=O, 3.87
[H]C1([H])C(=O)[O-]->[Li+]<-[O-]C1=O, 1.36
[H]C1([H])C(=O)[O-]->[Cu+2]<-[O-]C1=O, 6.02
[H]C1([H])C(=O)[O-]->[Ni+2]<-[O-]C1=O, 4.33
[H]C1([H])C(=O)[O-]->[Pu+2]<-[O-]C1=O, 6.06
[H]C1([H])C(=O)[O-]->[Lu+3]<-[O-]C1=O, 5.87
[H]C1([H])C(=O)[O-]->[Cr+3]<-[O-]C1=O, 7.79
[H]C1([H])C(=O)[O-]->[Cd+2]<-[O-]C1=O, 3.32
[H]C1([H])C(=O)[O-]->[Tm+3]<-[O-]C1=O, 5.73
[H]C1([H])C(=O)[O-]->[Tb+3]<-[O-]C1=O, 5.73
[H]C1([H])C(=O)[O-]->[Gd+3]<-[O-]C1=O, 5.62
[H]C1([H])C(=O)[O-]->[Er+3]<-[O-]C1=O, 5.70
[H]C1([H])C(=O)[O-]->[Be+2]<-[O-]C1=O, 6.42
[H]C1([H])C(=O)[O-]->[Sr+2]<-[O-]C1=O, 2.27
[H]C1([H])C(=O)[O-]->[Fe+3]<-[O-]C1=O, 9.43
[H]C1([H])C(=O)[O-]->[V+2]<-[O-]C1=O, 6.75
[H]C1([H])C(=O)[O-]->[Fe+2]<-[O-]C1=O, 3.43
[H]C1([H])C(=O)[O-]->[Ba+2]<-[O-]C1=O, 2.24
[H]C1([H])C(=O)[O-]->[In+3]<-[O-]C1=O, 7.11
[H]C1([H])C(=O)[O-]->[Zn+2]<-[O-]C1=O, 3.74
[H]C1([H])C(=O)[O-]->[Y+3]<-[O-]C1=O, 5.75
[H]c1c([H])c2c([H])c([H])c3c([H])c([H])c(C([H])([H])[H])n4->[Ni+2]<-n(c1C([H])([H])[H])c2c34, 5.00
[H]c1c([H])c2c([H])c([H])c3c([H])c([H])c(C([H])([H])[H])n4->[Cd+2]<-n(c1C([H])([H])[H])c2c34, 4.10
[H]c1c([H])c2c([H])c([H])c3c([H])c([H])c(C([H])([H])[H])n4->[Co+2]<-n(c1C([H])([H])[H])c2c34, 4.20
[H]c1c([H])c2c([H])c([H])c3c([H])c([H])c(C([H])([H])[H])n4->[Cu+2]<-n(c1C([H])([H])[H])c2c34, 5.20
[H]c1c([H])c2c([H])c([H])c3c([H])c([H])c(C([H])([H])[H])n4->[Zn+2]<-n(c1C([H])([H])[H])c2c34, 4.10
[H]c1c([H])c([H])n2->[Ag+]<-n3c([H])c([H])c([H])c([H])c3-c2c1[H], 3.11
[H]c1c([H])c([H])n2->[Co+2]<-n3c([H])c([H])c([H])c([H])c3-c2c1[H], 5.84
[H]c1c([H])c([H])n2->[Sr+2]<-n3c([H])c([H])c([H])c([H])c3-c2c1[H], -0.17
[H]c1c([H])c([H])n2->[Ni+2]<-n3c([H])c([H])c([H])c([H])c3-c2c1[H], 6.99
[H]c1c([H])c([H])n2->[Cr+2]<-n3c([H])c([H])c([H])c([H])c3-c2c1[H], 4.88
[H]c1c([H])c([H])n2->[Ba+2]<-n3c([H])c([H])c([H])c([H])c3-c2c1[H], -0.27
[H]c1c([H])c([H])n2->[Mg+2]<-n3c([H])c([H])c([H])c([H])c3-c2c1[H], 0.45
[H]c1c([H])c([H])n2->[Pb+2]<-n3c([H])c([H])c([H])c([H])c3-c2c1[H], 2.99
[H]c1c([H])c([H])n2->[Mn+2]<-n3c([H])c([H])c([H])c([H])c3-c2c1[H], 4.61
[H]c1c([H])c([H])n2->[U+2]<-n3c([H])c([H])c([H])c([H])c3-c2c1[H], 3.68
[H]c1c([H])c([H])n2->[Ga+3]<-n3c([H])c([H])c([H])c([H])c3-c2c1[H], 4.54
[H]c1c([H])c([H])n2->[In+3]<-n3c([H])c([H])c([H])c([H])c3-c2c1[H], 4.75
[H]c1c([H])c([H])n2->[Cd+2]<-n3c([H])c([H])c([H])c([H])c3-c2c1[H], 4.32
[H]c1c([H])c([H])n2->[V+2]<-n3c([H])c([H])c([H])c([H])c3-c2c1[H], 5.00
[H]c1c([H])c([H])n2->[Cu+2]<-n3c([H])c([H])c([H])c([H])c3-c2c1[H], 8.03
[H]c1c([H])c([H])n2->[Zn+2]<-n3c([H])c([H])c([H])c([H])c3-c2c1[H], 5.11
[H]c1c([H])c([H])n2->[Hg+2]<-n3c([H])c([H])c([H])c([H])c3-c2c1[H], 9.64
[H]c1c([H])c([H])n2->[Fe+2]<-n3c([H])c([H])c([H])c([H])c3-c2c1[H], 4.20
[H]c1c([H])c([H])n2->[Ca+2]<-n3c([H])c([H])c([H])c([H])c3-c2c1[H], -0.03
[H]C([H])=C1C(=O)[O-]->[Tb+3]<-[O-]C(=O)C1([H])[H], 4.76
[H]C([H])=C1C(=O)[O-]->[V+2]<-[O-]C(=O)C1([H])[H], 4.81
[H]C([H])=C1C(=O)[O-]->[Mn+2]<-[O-]C(=O)C1([H])[H], 2.35
[H]C([H])=C1C(=O)[O-]->[Zn+2]<-[O-]C(=O)C1([H])[H], 2.69
[H]C([H])=C1C(=O)[O-]->[Be+2]<-[O-]C(=O)C1([H])[H], 4.45
[H]C([H])=C1C(=O)[O-]->[Ho+3]<-[O-]C(=O)C1([H])[H], 4.51
[H]C([H])=C1C(=O)[O-]->[Sc+3]<-[O-]C(=O)C1([H])[H], 6.41
[H]C([H])=C1C(=O)[O-]->[Pb+2]<-[O-]C(=O)C1([H])[H], 3.71
[H]C([H])=C1C(=O)[O-]->[Nd+3]<-[O-]C(=O)C1([H])[H], 4.69
[H]C([H])=C1C(=O)[O-]->[Y+3]<-[O-]C(=O)C1([H])[H], 4.61
[H]C([H])=C1C(=O)[O-]->[Er+3]<-[O-]C(=O)C1([H])[H], 4.76
[H]C([H])=C1C(=O)[O-]->[Sm+3]<-[O-]C(=O)C1([H])[H], 4.81
[H]C([H])=C1C(=O)[O-]->[Lu+3]<-[O-]C(=O)C1([H])[H], 4.58
[H]C([H])=C1C(=O)[O-]->[La+3]<-[O-]C(=O)C1([H])[H], 4.32
[H]C([H])=C1C(=O)[O-]->[Ni+2]<-[O-]C(=O)C1([H])[H], 2.65
[H]C([H])=C1C(=O)[O-]->[Gd+3]<-[O-]C(=O)C1([H])[H], 4.78
[H]C([H])=C1C(=O)[O-]->[Sr+2]<-[O-]C(=O)C1([H])[H], 2.00
[H]C([H])=C1C(=O)[O-]->[Yb+3]<-[O-]C(=O)C1([H])[H], 4.48
[H]C([H])=C1C(=O)[O-]->[Dy+3]<-[O-]C(=O)C1([H])[H], 4.65
[H]C([H])=C1C(=O)[O-]->[Eu+3]<-[O-]C(=O)C1([H])[H], 4.93
[H]C([H])=C1C(=O)[O-]->[U+2]<-[O-]C(=O)C1([H])[H], 5.68
[H]C([H])=C1C(=O)[O-]->[Cd+2]<-[O-]C(=O)C1([H])[H], 3.07
[H]C([H])=C1C(=O)[O-]->[Ca+2]<-[O-]C(=O)C1([H])[H], 2.24
[H]C([H])=C1C(=O)[O-]->[Pr+3]<-[O-]C(=O)C1([H])[H], 4.68
[H]C([H])=C1C(=O)[O-]->[Cu+2]<-[O-]C(=O)C1([H])[H], 3.89
[H]C([H])=C1C(=O)[O-]->[Ce+3]<-[O-]C(=O)C1([H])[H], 4.49
[H]C([H])=C1C(=O)[O-]->[Co+2]<-[O-]C(=O)C1([H])[H], 2.26
[H]C([H])=C1C(=O)[O-]->[Tm+3]<-[O-]C(=O)C1([H])[H], 4.39
[H]c1c([H])c([H])n2->[Cu+2]<-N([H])(C([H])([H])[H])C([H])([H])c2c1[H], 9.12
[H]c1c([H])c([H])n2->[Cd+2]<-N([H])(C([H])([H])[H])C([H])([H])c2c1[H], 4.54
[H]c1c([H])c([H])n2->[Co+2]<-N([H])(C([H])([H])[H])C([H])([H])c2c1[H], 5.18
[H]c1c([H])c([H])n2->[Fe+2]<-N([H])(C([H])([H])[H])C([H])([H])c2c1[H], 3.53
[H]c1c([H])c([H])n2->[Zn+2]<-N([H])(C([H])([H])[H])C([H])([H])c2c1[H], 4.91
[H]c1c([H])c([H])n2->[Ni+2]<-N([H])(C([H])([H])[H])C([H])([H])c2c1[H], 6.84
[H]C1=O->[Mg+2]<-[O-]c2c([H])c([H])c([H])c([H])c21, 2.36
[H]C1=O->[Zn+2]<-[O-]c2c([H])c([H])c([H])c([H])c21, 3.43
[H]C1=O->[La+3]<-[O-]c2c([H])c([H])c([H])c([H])c21, 4.07
[H]C1=O->[Cd+2]<-[O-]c2c([H])c([H])c([H])c([H])c21, 2.24
[H]C1=O->[Ca+2]<-[O-]c2c([H])c([H])c([H])c([H])c21, 1.55
[H]C1=O->[Pb+2]<-[O-]c2c([H])c([H])c([H])c([H])c21, 3.68
[H]C1=O->[Co+2]<-[O-]c2c([H])c([H])c([H])c([H])c21, 3.86
[H]C1=O->[Mn+2]<-[O-]c2c([H])c([H])c([H])c([H])c21, 2.77
[H]C1=O->[Y+3]<-[O-]c2c([H])c([H])c([H])c([H])c21, 5.01
[H]C1=O->[Cu+2]<-[O-]c2c([H])c([H])c([H])c([H])c21, 6.01
[H]C1=O->[Ni+2]<-[O-]c2c([H])c([H])c([H])c([H])c21, 4.25
[H]C1([H])C([H])([H])C2([H])C(=O)[O-]->[Zn+2]<-N2([H])C1([H])[H], 5.72
[H]C1([H])C([H])([H])C2([H])C(=O)[O-]->[Co+2]<-N2([H])C1([H])[H], 5.46
[H]C1([H])C([H])([H])C2([H])C(=O)[O-]->[U+2]<-N2([H])C1([H])[H], 8.23
[H]C1([H])C([H])([H])C2([H])C(=O)[O-]->[Cu+2]<-N2([H])C1([H])[H], 9.26
[H]C1([H])C([H])([H])C2([H])C(=O)[O-]->[Ni+2]<-N2([H])C1([H])[H], 5.94
[H]C1([H])C([H])([H])C2([H])C(=O)[O-]->[Fe+3]<-N2([H])C1([H])[H], 10.92
[H]C1([H])C([H])([H])C2([H])C(=O)[O-]->[Mn+2]<-N2([H])C1([H])[H], 3.57
[H]C1([H])C([H])([H])C2([H])C(=O)[O-]->[Ag+]<-N2([H])C1([H])[H], 4.06
[H]C1([H])C([H])([H])C2([H])C(=O)[O-]->[Cd+2]<-N2([H])C1([H])[H], 5.04
[H]C1([H])C([H])([H])C2([H])C(=O)[O-]->[In+3]<-N2([H])C1([H])[H], 9.34
[H]C1([H])C([H])([H])C2([H])C(=O)[O-]->[Th+4]<-N2([H])C1([H])[H], 10.61
[H]C1([H])C([H])([H])C2([H])C(=O)[O-]->[V+2]<-N2([H])C1([H])[H], 7.89
[H]C1([H])C([H])([H])C2([H])C(=O)[O-]->[Fe+2]<-N2([H])C1([H])[H], 4.68
[H]C([H])([H])C(=O)[O-]->[Tb+3], 2.59
[H]C([H])([H])C(=O)[O-]->[Cm+3], 3.02
[H]C([H])([H])C(=O)[O-]->[Dy+3], 2.61
[H]C([H])([H])C(=O)[O-]->[U+2], 3.07
[H]C([H])([H])C(=O)[O-]->[Ag+], 0.55
[H]C([H])([H])C(=O)[O-]->[K+], -0.18
[H]C([H])([H])C(=O)[O-]->[Yb+3], 2.55
[H]C([H])([H])C(=O)[O-]->[Y+3], 2.50
[H]C([H])([H])C(=O)[O-]->[Cr+3], 5.53
[H]C([H])([H])C(=O)[O-]->[Sr+2], 1.13
[H]C([H])([H])C(=O)[O-]->[Pu+4], 6.22
[H]C([H])([H])C(=O)[O-]->[Cr+2], 1.83
[H]C([H])([H])C(=O)[O-]->[Mn+2], 1.25
[H]C([H])([H])C(=O)[O-]->[Hg+2], 4.06
[H]C([H])([H])C(=O)[O-]->[In+3], 4.03
[H]C([H])([H])C(=O)[O-]->[Cs+], -0.05
[H]C([H])([H])C(=O)[O-]->[Pd+2], 5.23
[H]C([H])([H])C(=O)[O-]->[Ga+3], 4.35
[H]C([H])([H])C(=O)[O-]->[Eu+3], 2.75
[H]C([H])([H])C(=O)[O-]->[Am+3], 2.91
[H]C([H])([H])C(=O)[O-]->[Fe+2], 2.41
[H]C([H])([H])C(=O)[O-]->[Tm+3], 2.60
[H]C([H])([H])C(=O)[O-]->[Th+4], 4.98
[H]C([H])([H])C(=O)[O-]->[Be+2], 2.07
[H]C([H])([H])C(=O)[O-]->[Ca+2], 1.12
[H]C([H])([H])C(=O)[O-]->[Cu+2], 2.27
[H]C([H])([H])C(=O)[O-]->[Mg+2], 1.14
[H]C([H])([H])C(=O)[O-]->[Ce+3], 2.59
[H]C([H])([H])C(=O)[O-]->[Li+], 0.22
[H]C([H])([H])C(=O)[O-]->[Pb+2], 2.65
[H]C([H])([H])C(=O)[O-]->[Ba+2], 0.98
[H]C([H])([H])C(=O)[O-]->[Er+3], 2.57
[H]C([H])([H])C(=O)[O-]->[Sm+3], 2.84
[H]C([H])([H])C(=O)[O-]->[V+2], 2.65
[H]C([H])([H])C(=O)[O-]->[Al+3], 2.48
[H]C([H])([H])C(=O)[O-]->[Lu+3], 2.62
[H]C([H])([H])C(=O)[O-]->[Nd+3], 2.78
[H]C([H])([H])C(=O)[O-]->[Na+], -0.04
[H]C([H])([H])C(=O)[O-]->[Ho+3], 2.58
[H]C([H])([H])C(=O)[O-]->[Gd+3], 2.75
[H]C([H])([H])C(=O)[O-]->[Sc+3], 3.98
[H]C([H])([H])C(=O)[O-]->[La+3], 2.60
[H]C([H])([H])C(=O)[O-]->[Pu+2], 2.72
[H]C([H])([H])C(=O)[O-]->[Ni+2], 1.31
[H]C([H])([H])C(=O)[O-]->[Rb+], -0.12
[H]C([H])([H])C(=O)[O-]->[Cd+2], 1.90
[H]C([H])([H])C(=O)[O-]->[Fe+3], 4.10
[H]C([H])([H])C(=O)[O-]->[Zn+2], 1.52
[H]C([H])([H])C(=O)[O-]->[Pr+3], 2.74
[H]C([H])([H])C(=O)[O-]->[Co+2], 1.32
[H]C([H])([H])O1->[Sm+3]<-[O-]C(=O)C1([H])[H], 2.80
[H]C([H])([H])O1->[Yb+3]<-[O-]C(=O)C1([H])[H], 2.75
[H]C([H])([H])O1->[Pr+3]<-[O-]C(=O)C1([H])[H], 2.74
[H]C([H])([H])O1->[Y+3]<-[O-]C(=O)C1([H])[H], 2.67
[H]C([H])([H])O1->[Cu+2]<-[O-]C(=O)C1([H])[H], 2.52
[H]C([H])([H])O1->[La+3]<-[O-]C(=O)C1([H])[H], 2.70
[H]C([H])([H])O1->[Lu+3]<-[O-]C(=O)C1([H])[H], 2.76
[H]C([H])([H])O1->[Dy+3]<-[O-]C(=O)C1([H])[H], 2.72
[H]C([H])([H])O1->[Tm+3]<-[O-]C(=O)C1([H])[H], 2.75
[H]C([H])([H])O1->[Co+2]<-[O-]C(=O)C1([H])[H], 1.92
[H]C([H])([H])O1->[Gd+3]<-[O-]C(=O)C1([H])[H], 2.73
[H]C([H])([H])O1->[Pd+2]<-[O-]C(=O)C1([H])[H], 4.21
[H]C([H])([H])O1->[Er+3]<-[O-]C(=O)C1([H])[H], 2.75
[H]C([H])([H])O1->[Ni+2]<-[O-]C(=O)C1([H])[H], 2.04
[H]C([H])([H])O1->[Ca+2]<-[O-]C(=O)C1([H])[H], 1.12
[H]C([H])([H])O1->[Nd+3]<-[O-]C(=O)C1([H])[H], 2.73
[H]C([H])([H])O1->[Eu+3]<-[O-]C(=O)C1([H])[H], 2.79
[H]C([H])([H])O1->[Ho+3]<-[O-]C(=O)C1([H])[H], 2.74
[H]C([H])([H])O1->[Tb+3]<-[O-]C(=O)C1([H])[H], 2.72
[H]C([H])([H])O1->[Ce+3]<-[O-]C(=O)C1([H])[H], 2.73
[H]O1->[Sm+3]<-[O-]C(=O)C1([H])[H], 3.55
[H]O1->[Sr+2]<-[O-]C(=O)C1([H])[H], 1.35
[H]O1->[Th+4]<-[O-]C(=O)C1([H])[H], 5.42
[H]O1->[V+2]<-[O-]C(=O)C1([H])[H], 3.19
[H]O1->[Er+3]<-[O-]C(=O)C1([H])[H], 3.56
[H]O1->[In+3]<-[O-]C(=O)C1([H])[H], 3.85
[H]O1->[Cd+2]<-[O-]C(=O)C1([H])[H], 1.86
[H]O1->[Pu+2]<-[O-]C(=O)C1([H])[H], 2.83
[H]O1->[Fe+3]<-[O-]C(=O)C1([H])[H], 3.71
[H]O1->[Nd+3]<-[O-]C(=O)C1([H])[H], 3.55
[H]O1->[Zn+2]<-[O-]C(=O)C1([H])[H], 2.49
[H]O1->[Gd+3]<-[O-]C(=O)C1([H])[H], 3.49
[H]O1->[Pb+2]<-[O-]C(=O)C1([H])[H], 2.57
[H]O1->[Am+3]<-[O-]C(=O)C1([H])[H], 3.78
[H]O1->[Ba+2]<-[O-]C(=O)C1([H])[H], 1.08
[H]O1->[Co+2]<-[O-]C(=O)C1([H])[H], 2.07
[H]O1->[Lu+3]<-[O-]C(=O)C1([H])[H], 3.82
[H]O1->[Mn+2]<-[O-]C(=O)C1([H])[H], 2.19
[H]O1->[Cu+2]<-[O-]C(=O)C1([H])[H], 2.91
[H]O1->[Pr+3]<-[O-]C(=O)C1([H])[H], 3.47
[H]O1->[Y+3]<-[O-]C(=O)C1([H])[H], 3.53
[H]O1->[Ga+3]<-[O-]C(=O)C1([H])[H], 3.76
[H]O1->[Eu+3]<-[O-]C(=O)C1([H])[H], 3.49
[H]O1->[Cm+3]<-[O-]C(=O)C1([H])[H], 3.81
[H]O1->[Ho+3]<-[O-]C(=O)C1([H])[H], 3.66
[H]O1->[Ce+3]<-[O-]C(=O)C1([H])[H], 3.45
[H]O1->[Sc+3]<-[O-]C(=O)C1([H])[H], 5.07
[H]O1->[La+3]<-[O-]C(=O)C1([H])[H], 3.26
[H]O1->[Pd+2]<-[O-]C(=O)C1([H])[H], 4.42
[H]O1->[Tm+3]<-[O-]C(=O)C1([H])[H], 3.73
[H]O1->[Hg+2]<-[O-]C(=O)C1([H])[H], 4.21
[H]O1->[Li+]<-[O-]C(=O)C1([H])[H], -0.11
[H]O1->[Ca+2]<-[O-]C(=O)C1([H])[H], 1.58
[H]O1->[Ni+2]<-[O-]C(=O)C1([H])[H], 2.42
[H]O1->[Fe+2]<-[O-]C(=O)C1([H])[H], 1.94
[H]O1->[Be+2]<-[O-]C(=O)C1([H])[H], 1.85
[H]O1->[Dy+3]<-[O-]C(=O)C1([H])[H], 3.50
[H]O1->[Yb+3]<-[O-]C(=O)C1([H])[H], 3.68
[H]O1->[U+2]<-[O-]C(=O)C1([H])[H], 3.17
[H]O1->[Mg+2]<-[O-]C(=O)C1([H])[H], 1.46
[H]O1->[Tb+3]<-[O-]C(=O)C1([H])[H], 3.57
[H]C([H])([H])C([H])([H])C1(C([H])([H])C([H])([H])[H])C(=O)[O-]->[K+]<-[O-]C1=O, 0.94
[H]C([H])([H])C([H])([H])C1(C([H])([H])C([H])([H])[H])C(=O)[O-]->[Ni+2]<-[O-]C1=O, 3.27
[H]C([H])([H])C([H])([H])C1(C([H])([H])C([H])([H])[H])C(=O)[O-]->[Zn+2]<-[O-]C1=O, 3.35
[H]C([H])([H])C([H])([H])C1(C([H])([H])C([H])([H])[H])C(=O)[O-]->[Nd+3]<-[O-]C1=O, 5.36
[H]C([H])([H])C([H])([H])C1(C([H])([H])C([H])([H])[H])C(=O)[O-]->[Li+]<-[O-]C1=O, 0.93
[H]C([H])([H])C([H])([H])C1(C([H])([H])C([H])([H])[H])C(=O)[O-]->[Sm+3]<-[O-]C1=O, 5.68
[H]C([H])([H])C([H])([H])C1(C([H])([H])C([H])([H])[H])C(=O)[O-]->[Lu+3]<-[O-]C1=O, 6.04
[H]C([H])([H])C([H])([H])C1(C([H])([H])C([H])([H])[H])C(=O)[O-]->[Yb+3]<-[O-]C1=O, 6.11
[H]C([H])([H])C([H])([H])C1(C([H])([H])C([H])([H])[H])C(=O)[O-]->[Dy+3]<-[O-]C1=O, 5.96
[H]C([H])([H])C([H])([H])C1(C([H])([H])C([H])([H])[H])C(=O)[O-]->[La+3]<-[O-]C1=O, 4.96
[H]C([H])([H])C([H])([H])C1(C([H])([H])C([H])([H])[H])C(=O)[O-]->[U+2]<-[O-]C1=O, 7.64
[H]C([H])([H])C([H])([H])C1(C([H])([H])C([H])([H])[H])C(=O)[O-]->[Tb+3]<-[O-]C1=O, 5.98
[H]C([H])([H])C([H])([H])C1(C([H])([H])C([H])([H])[H])C(=O)[O-]->[Ba+2]<-[O-]C1=O, 2.41
[H]C([H])([H])C([H])([H])C1(C([H])([H])C([H])([H])[H])C(=O)[O-]->[Ce+3]<-[O-]C1=O, 5.13
[H]C([H])([H])C([H])([H])C1(C([H])([H])C([H])([H])[H])C(=O)[O-]->[Mg+2]<-[O-]C1=O, 2.63
[H]C([H])([H])C([H])([H])C1(C([H])([H])C([H])([H])[H])C(=O)[O-]->[Fe+3]<-[O-]C1=O, 9.78
[H]C([H])([H])C([H])([H])C1(C([H])([H])C([H])([H])[H])C(=O)[O-]->[Pr+3]<-[O-]C1=O, 5.26
[H]C([H])([H])C([H])([H])C1(C([H])([H])C([H])([H])[H])C(=O)[O-]->[Cs+]<-[O-]C1=O, 0.91
[H]C([H])([H])C([H])([H])C1(C([H])([H])C([H])([H])[H])C(=O)[O-]->[Na+]<-[O-]C1=O, 0.89
[H]C([H])([H])C([H])([H])C1(C([H])([H])C([H])([H])[H])C(=O)[O-]->[Cd+2]<-[O-]C1=O, 3.44
[H]C([H])([H])C([H])([H])C1(C([H])([H])C([H])([H])[H])C(=O)[O-]->[Co+2]<-[O-]C1=O, 3.15
[H]C([H])([H])C([H])([H])C1(C([H])([H])C([H])([H])[H])C(=O)[O-]->[Cu+2]<-[O-]C1=O, 5.64
[H]C([H])([H])C([H])([H])C1(C([H])([H])C([H])([H])[H])C(=O)[O-]->[Er+3]<-[O-]C1=O, 6.01
[H]C([H])([H])C([H])([H])C1(C([H])([H])C([H])([H])[H])C(=O)[O-]->[Ho+3]<-[O-]C1=O, 5.98
[H]C([H])([H])C([H])([H])C1(C([H])([H])C([H])([H])[H])C(=O)[O-]->[Tm+3]<-[O-]C1=O, 6.05
[H]C([H])([H])C([H])([H])C1(C([H])([H])C([H])([H])[H])C(=O)[O-]->[Gd+3]<-[O-]C1=O, 5.84
[H]C([H])([H])C([H])([H])C1(C([H])([H])C([H])([H])[H])C(=O)[O-]->[Y+3]<-[O-]C1=O, 5.95
[H]C([H])([H])C([H])([H])C1(C([H])([H])C([H])([H])[H])C(=O)[O-]->[Eu+3]<-[O-]C1=O, 5.81
[H]C([H])([H])C([H])([H])C1(C([H])([H])C([H])([H])[H])C(=O)[O-]->[Ca+2]<-[O-]C1=O, 2.55
[H]C1([H])C([H])([H])N([H])([H])->[Zn+2]<-N([H])([H])C1([H])[H], 6.00
[H]C1([H])C([H])([H])N([H])([H])->[Ag+]<-N([H])([H])C1([H])[H], 5.93
[H]C1([H])C([H])([H])N([H])([H])->[Cu+2]<-N([H])([H])C1([H])[H], 9.75
[H]C1([H])C([H])([H])N([H])([H])->[Cd+2]<-N([H])([H])C1([H])[H], 5.24
[H]C1([H])C([H])([H])N([H])([H])->[Ni+2]<-N([H])([H])C1([H])[H], 6.49
[H]C1([H])C([H])([H])N([H])([H])->[Pb+2]<-N([H])([H])C1([H])[H], 5.06
[H]c1c([H])c([H])c2c(c1[H])C(=O)[O-]->[Ho+3]<-[O-]C2=O, 5.11
[H]c1c([H])c([H])c2c(c1[H])C(=O)[O-]->[Ca+2]<-[O-]C2=O, 2.66
[H]c1c([H])c([H])c2c(c1[H])C(=O)[O-]->[Hg+2]<-[O-]C2=O, 3.31
[H]c1c([H])c([H])c2c(c1[H])C(=O)[O-]->[Y+3]<-[O-]C2=O, 5.10
[H]c1c([H])c([H])c2c(c1[H])C(=O)[O-]->[V+2]<-[O-]C2=O, 4.93
[H]c1c([H])c([H])c2c(c1[H])C(=O)[O-]->[Er+3]<-[O-]C2=O, 5.45
[H]c1c([H])c([H])c2c(c1[H])C(=O)[O-]->[U+2]<-[O-]C2=O, 5.62
[H]c1c([H])c([H])c2c(c1[H])C(=O)[O-]->[Pr+3]<-[O-]C2=O, 5.24
[H]c1c([H])c([H])c2c(c1[H])C(=O)[O-]->[Cr+3]<-[O-]C2=O, 6.87
[H]c1c([H])c([H])c2c(c1[H])C(=O)[O-]->[Nd+3]<-[O-]C2=O, 5.40
[H]c1c([H])c([H])c2c(c1[H])C(=O)[O-]->[Pu+2]<-[O-]C2=O, 5.33
[H]c1c([H])c([H])c2c(c1[H])C(=O)[O-]->[Al+3]<-[O-]C2=O, 4.99
[H]c1c([H])c([H])c2c(c1[H])C(=O)[O-]->[Ga+3]<-[O-]C2=O, 6.50
[H]c1c([H])c([H])c2c(c1[H])C(=O)[O-]->[Gd+3]<-[O-]C2=O, 5.08
[H]c1c([H])c([H])c2c(c1[H])C(=O)[O-]->[Mn+2]<-[O-]C2=O, 2.93
[H]c1c([H])c([H])c2c(c1[H])C(=O)[O-]->[Cu+2]<-[O-]C2=O, 4.15
[H]c1c([H])c([H])c2c(c1[H])C(=O)[O-]->[Cd+2]<-[O-]C2=O, 3.43
[H]c1c([H])c([H])c2c(c1[H])C(=O)[O-]->[Ba+2]<-[O-]C2=O, 2.14
[H]c1c([H])c([H])c2c(c1[H])C(=O)[O-]->[Eu+3]<-[O-]C2=O, 5.24
[H]c1c([H])c([H])c2c(c1[H])C(=O)[O-]->[Be+2]<-[O-]C2=O, 4.72
[H]c1c([H])c([H])c2c(c1[H])C(=O)[O-]->[Li+]<-[O-]C2=O, 1.29
[H]c1c([H])c([H])c2c(c1[H])C(=O)[O-]->[Ce+3]<-[O-]C2=O, 5.24
[H]c1c([H])c([H])c2c(c1[H])C(=O)[O-]->[Mg+2]<-[O-]C2=O, 3.61
[H]c1c([H])c([H])c2c(c1[H])C(=O)[O-]->[Co+2]<-[O-]C2=O, 2.88
[H]c1c([H])c([H])c2c(c1[H])C(=O)[O-]->[Tb+3]<-[O-]C2=O, 5.11
[H]c1c([H])c([H])c2c(c1[H])C(=O)[O-]->[Tm+3]<-[O-]C2=O, 5.34
[H]c1c([H])c([H])c2c(c1[H])C(=O)[O-]->[Th+4]<-[O-]C2=O, 8.37
[H]c1c([H])c([H])c2c(c1[H])C(=O)[O-]->[Sr+2]<-[O-]C2=O, 3.11
[H]c1c([H])c([H])c2c(c1[H])C(=O)[O-]->[Cr+2]<-[O-]C2=O, 3.70
[H]c1c([H])c([H])c2c(c1[H])C(=O)[O-]->[Na+]<-[O-]C2=O, 1.16
[H]c1c([H])c([H])c2c(c1[H])C(=O)[O-]->[Ni+2]<-[O-]C2=O, 3.00
[H]c1c([H])c([H])c2c(c1[H])C(=O)[O-]->[Dy+3]<-[O-]C2=O, 5.25
[H]c1c([H])c([H])c2c(c1[H])C(=O)[O-]->[Zn+2]<-[O-]C2=O, 3.02
[H]c1c([H])c([H])c2c(c1[H])C(=O)[O-]->[Sm+3]<-[O-]C2=O, 5.52
[H]c1c([H])c([H])c2c(c1[H])C(=O)[O-]->[La+3]<-[O-]C2=O, 5.25
[H]c1c([H])c([H])c2c(c1[H])C(=O)[O-]->[Pb+2]<-[O-]C2=O, 4.10
[H]c1c([H])c([H])c2c(c1[H])C(=O)[O-]->[K+]<-[O-]C2=O, 1.17
[H]c1c([H])c([H])c2c(c1[H])C(=O)[O-]->[Yb+3]<-[O-]C2=O, 4.83
[H]c1c([H])c([H])c2c(c1[H])c([H])c([H])c1n2->[Sr+2]<-[O-]C1=O, 1.24
[H]c1c([H])c([H])c2c(c1[H])c([H])c([H])c1n2->[Ni+2]<-[O-]C1=O, 4.62
[H]c1c([H])c([H])c2c(c1[H])c([H])c([H])c1n2->[Cu+2]<-[O-]C1=O, 5.91
[H]c1c([H])c([H])c2c(c1[H])c([H])c([H])c1n2->[Ba+2]<-[O-]C1=O, 1.20
[H]c1c([H])c([H])c2c(c1[H])c([H])c([H])c1n2->[Mg+2]<-[O-]C1=O, 1.37
[H]c1c([H])c([H])c2c(c1[H])c([H])c([H])c1n2->[Co+2]<-[O-]C1=O, 4.52
[H]c1c([H])c([H])c2c(c1[H])c([H])c([H])c1n2->[Pb+2]<-[O-]C1=O, 3.95
[H]c1c([H])c([H])c2c(c1[H])c([H])c([H])c1n2->[Ca+2]<-[O-]C1=O, 1.42
[H]c1c([H])c([H])c2c(c1[H])c([H])c([H])c1n2->[Zn+2]<-[O-]C1=O, 4.17
[H]c1c([H])c([H])c2c(c1[H])c([H])c([H])c1n2->[Mn+2]<-[O-]C1=O, 2.96
[H]c1c([H])c([H])c2c(c1[H])c([H])c([H])c1n2->[Cr+3]<-[O-]C1=O, 9.57
[H]c1c([H])c([H])c2c(c1[H])c([H])c([H])c1n2->[Cd+2]<-[O-]C1=O, 4.12
[H]c1c([H])c([H])c2c(c1[H])c([H])c([H])c1n2->[Fe+2]<-[O-]C1=O, 3.92
[H]C([H])(C(=O)[O-])C([H])([H])C([H])([H])C([H])([H])C(=O)[O-]->[Pb+2], 3.69
[H]C([H])(C(=O)[O-])C([H])([H])C([H])([H])C([H])([H])C(=O)[O-]->[Ba+2], 1.89
[H]C([H])(C(=O)[O-])C([H])([H])C([H])([H])C([H])([H])C(=O)[O-]->[Ca+2], 2.19
[H]C([H])(C(=O)[O-])C([H])([H])C([H])([H])C([H])([H])C(=O)[O-]->[Co+2], 2.27
[H]C([H])(C(=O)[O-])C([H])([H])C([H])([H])C([H])([H])C(=O)[O-]->[Sc+3], 4.94
[H]C([H])(C(=O)[O-])C([H])([H])C([H])([H])C([H])([H])C(=O)[O-]->[La+3], 4.20
[H]C([H])(C(=O)[O-])C([H])([H])C([H])([H])C([H])([H])C(=O)[O-]->[Sm+3], 4.54
[H]C([H])(C(=O)[O-])C([H])([H])C([H])([H])C([H])([H])C(=O)[O-]->[Dy+3], 4.39
[H]C([H])(C(=O)[O-])C([H])([H])C([H])([H])C([H])([H])C(=O)[O-]->[Be+2], 4.14
[H]C([H])(C(=O)[O-])C([H])([H])C([H])([H])C([H])([H])C(=O)[O-]->[Nd+3], 4.25
[H]C([H])(C(=O)[O-])C([H])([H])C([H])([H])C([H])([H])C(=O)[O-]->[Eu+3], 3.94
[H]C([H])(C(=O)[O-])C([H])([H])C([H])([H])C([H])([H])C(=O)[O-]->[Zn+2], 2.64
[H]C([H])(C(=O)[O-])C([H])([H])C([H])([H])C([H])([H])C(=O)[O-]->[Th+4], 7.65
[H]C([H])(C(=O)[O-])C([H])([H])C([H])([H])C([H])([H])C(=O)[O-]->[U+2], 4.90
[H]C([H])(C(=O)[O-])C([H])([H])C([H])([H])C([H])([H])C(=O)[O-]->[Er+3], 4.38
[H]C([H])(C(=O)[O-])C([H])([H])C([H])([H])C([H])([H])C(=O)[O-]->[Gd+3], 4.44
[H]C([H])(C(=O)[O-])C([H])([H])C([H])([H])C([H])([H])C(=O)[O-]->[Cu+2], 3.47
[H]C([H])(C(=O)[O-])C([H])([H])C([H])([H])C([H])([H])C(=O)[O-]->[Cd+2], 2.79
[H]C([H])(C(=O)[O-])C([H])([H])C([H])([H])C([H])([H])C(=O)[O-]->[Ni+2], 2.50
[H]C([H])(C(=O)[O-])C([H])([H])C([H])([H])C([H])([H])C(=O)[O-]->[Lu+3], 4.40
[H]C1=O->[Zn+2]<-[O-]C1=O, 1.48
[H]C1=O->[Sm+3]<-[O-]C1=O, 3.22
[H]C1=O->[Ni+2]<-[O-]C1=O, 1.63
[H]C1=O->[Tm+3]<-[O-]C1=O, 3.28
[H]C1=O->[Eu+3]<-[O-]C1=O, 3.17
[H]C1=O->[Y+3]<-[O-]C1=O, 3.23
[H]C1=O->[Ce+3]<-[O-]C1=O, 3.06
[H]C1=O->[Cu+2]<-[O-]C1=O, 2.60
[H]C1=O->[Gd+3]<-[O-]C1=O, 3.16
[H]C1=O->[Dy+3]<-[O-]C1=O, 3.23
[H]C1=O->[Yb+3]<-[O-]C1=O, 3.32
[H]C1=O->[Lu+3]<-[O-]C1=O, 3.35
[H]C1=O->[Tb+3]<-[O-]C1=O, 3.19
[H]C1=O->[Pr+3]<-[O-]C1=O, 3.11
[H]C1=O->[Er+3]<-[O-]C1=O, 3.27
[H]C1=O->[La+3]<-[O-]C1=O, 3.03
[H]C1=O->[Ho+3]<-[O-]C1=O, 3.25
[H]C1=O->[Nd+3]<-[O-]C1=O, 3.15
[H]O1->[V+2]<-[O-]C(=O)C1(C([H])([H])[H])C([H])([H])[H], 3.65
[H]O1->[Dy+3]<-[O-]C(=O)C1(C([H])([H])[H])C([H])([H])[H], 3.81
[H]O1->[Pr+3]<-[O-]C(=O)C1(C([H])([H])[H])C([H])([H])[H], 3.46
[H]O1->[Gd+3]<-[O-]C(=O)C1(C([H])([H])[H])C([H])([H])[H], 3.68
[H]O1->[Sm+3]<-[O-]C(=O)C1(C([H])([H])[H])C([H])([H])[H], 3.59
[H]O1->[Ce+3]<-[O-]C(=O)C1(C([H])([H])[H])C([H])([H])[H], 3.33
[H]O1->[Sc+3]<-[O-]C(=O)C1(C([H])([H])[H])C([H])([H])[H], 5.51
[H]O1->[Cd+2]<-[O-]C(=O)C1(C([H])([H])[H])C([H])([H])[H], 1.99
[H]O1->[Ni+2]<-[O-]C(=O)C1(C([H])([H])[H])C([H])([H])[H], 2.28
[H]O1->[Co+2]<-[O-]C(=O)C1(C([H])([H])[H])C([H])([H])[H], 2.10
[H]O1->[Tm+3]<-[O-]C(=O)C1(C([H])([H])[H])C([H])([H])[H], 4.07
[H]O1->[Ho+3]<-[O-]C(=O)C1(C([H])([H])[H])C([H])([H])[H], 3.91
[H]O1->[Ca+2]<-[O-]C(=O)C1(C([H])([H])[H])C([H])([H])[H], 1.63
[H]O1->[Am+3]<-[O-]C(=O)C1(C([H])([H])[H])C([H])([H])[H], 3.59
[H]O1->[Th+4]<-[O-]C(=O)C1(C([H])([H])[H])C([H])([H])[H], 5.16
[H]O1->[Cu+2]<-[O-]C(=O)C1(C([H])([H])[H])C([H])([H])[H], 3.29
[H]O1->[Pd+2]<-[O-]C(=O)C1(C([H])([H])[H])C([H])([H])[H], 4.66
[H]O1->[Nd+3]<-[O-]C(=O)C1(C([H])([H])[H])C([H])([H])[H], 3.54
[H]O1->[Ba+2]<-[O-]C(=O)C1(C([H])([H])[H])C([H])([H])[H], 0.97
[H]O1->[Be+2]<-[O-]C(=O)C1(C([H])([H])[H])C([H])([H])[H], 1.80
[H]O1->[Y+3]<-[O-]C(=O)C1(C([H])([H])[H])C([H])([H])[H], 3.84
[H]O1->[Mg+2]<-[O-]C(=O)C1(C([H])([H])[H])C([H])([H])[H], 1.52
[H]O1->[Pu+2]<-[O-]C(=O)C1(C([H])([H])[H])C([H])([H])[H], 3.65
[H]O1->[U+2]<-[O-]C(=O)C1(C([H])([H])[H])C([H])([H])[H], 3.75
[H]O1->[Sr+2]<-[O-]C(=O)C1(C([H])([H])[H])C([H])([H])[H], 1.16
[H]O1->[Eu+3]<-[O-]C(=O)C1(C([H])([H])[H])C([H])([H])[H], 3.64
[H]O1->[La+3]<-[O-]C(=O)C1(C([H])([H])[H])C([H])([H])[H], 3.17
[H]O1->[Tb+3]<-[O-]C(=O)C1(C([H])([H])[H])C([H])([H])[H], 3.72
[H]O1->[Cm+3]<-[O-]C(=O)C1(C([H])([H])[H])C([H])([H])[H], 3.52
[H]O1->[Pm+3]<-[O-]C(=O)C1(C([H])([H])[H])C([H])([H])[H], 3.46
[H]O1->[Mn+2]<-[O-]C(=O)C1(C([H])([H])[H])C([H])([H])[H], 1.51
[H]O1->[Zn+2]<-[O-]C(=O)C1(C([H])([H])[H])C([H])([H])[H], 2.31
[H]O1->[Lu+3]<-[O-]C(=O)C1(C([H])([H])[H])C([H])([H])[H], 4.17
[H]O1->[Yb+3]<-[O-]C(=O)C1(C([H])([H])[H])C([H])([H])[H], 4.14
[H]O1->[Er+3]<-[O-]C(=O)C1(C([H])([H])[H])C([H])([H])[H], 3.95
[H]O1->[Pb+2]<-[O-]C(=O)C1(C([H])([H])[H])C([H])([H])[H], 2.74
[H]c1c([H])c([H])n2->[Zn+2]<-n3c(c([H])n(C([H])([H])[H])c3[H])-c2c1[H], 5.42
[H]c1c([H])c([H])n2->[Co+2]<-n3c(c([H])n(C([H])([H])[H])c3[H])-c2c1[H], 5.81
[H]c1c([H])c([H])n2->[Ni+2]<-n3c(c([H])n(C([H])([H])[H])c3[H])-c2c1[H], 7.20
[H]c1c([H])c([H])n2->[Fe+2]<-n3c(c([H])n(C([H])([H])[H])c3[H])-c2c1[H], 4.93
[H]c1c([H])c([H])n2->[Cu+2]<-n3c(c([H])n(C([H])([H])[H])c3[H])-c2c1[H], 8.76
[H]C([H])([H])C1=O->[Mn+2]<-[O-]C1=O, 1.91
[H]C([H])([H])C1=O->[Sr+2]<-[O-]C1=O, 1.02
[H]C([H])([H])C1=O->[Ni+2]<-[O-]C1=O, 1.68
[H]C([H])([H])C1=O->[Cd+2]<-[O-]C1=O, 1.39
[H]C([H])([H])C1=O->[Zn+2]<-[O-]C1=O, 1.91
[H]C([H])([H])C1=O->[Mg+2]<-[O-]C1=O, 1.55
[H]C([H])([H])C1=O->[Cu+2]<-[O-]C1=O, 2.14
[H]C([H])([H])C1=O->[Ca+2]<-[O-]C1=O, 1.20
[H]C([H])([H])C1=O->[Fe+3]<-[O-]C1=O, 5.75
[H]C([H])([H])C1=O->[U+2]<-[O-]C1=O, 2.67
[H]C([H])([H])C1=O->[Pb+2]<-[O-]C1=O, 2.18
[H]N([H])([H])->[Mg+2], 0.23
[H]N([H])([H])->[Cu+2], 4.14
[H]N([H])([H])->[Pb+2], 1.90
[H]N([H])([H])->[Fe+3], 4.30
[H]N([H])([H])->[Sr+2], -0.12
[H]N([H])([H])->[Ag+], 3.36
[H]N([H])([H])->[Cd+2], 2.60
[H]N([H])([H])->[Mn+2], 1.21
[H]N([H])([H])->[Zn+2], 2.27
[H]N([H])([H])->[Pd+2], 9.60
[H]N([H])([H])->[Ca+2], 0.05
[H]N([H])([H])->[Ba+2], -0.20
[H]N([H])([H])->[Ni+2], 2.87
[H]N([H])([H])->[Co+2], 2.04
[H]c1c([H])c([H])c(C2([H])C(=O)[O-]->[Ba+2]<-O2[H])c([H])c1[H], 0.74
[H]c1c([H])c([H])c(C2([H])C(=O)[O-]->[Sm+3]<-O2[H])c([H])c1[H], 3.36
[H]c1c([H])c([H])c(C2([H])C(=O)[O-]->[Be+2]<-O2[H])c([H])c1[H], 2.09
[H]c1c([H])c([H])c(C2([H])C(=O)[O-]->[Gd+3]<-O2[H])c([H])c1[H], 3.38
[H]c1c([H])c([H])c(C2([H])C(=O)[O-]->[Fe+2]<-O2[H])c([H])c1[H], 2.63
[H]c1c([H])c([H])c(C2([H])C(=O)[O-]->[Tb+3]<-O2[H])c([H])c1[H], 3.47
[H]c1c([H])c([H])c(C2([H])C(=O)[O-]->[Zn+2]<-O2[H])c([H])c1[H], 2.26
[H]c1c([H])c([H])c(C2([H])C(=O)[O-]->[Eu+3]<-O2[H])c([H])c1[H], 3.40
[H]c1c([H])c([H])c(C2([H])C(=O)[O-]->[Yb+3]<-O2[H])c([H])c1[H], 3.74
[H]c1c([H])c([H])c(C2([H])C(=O)[O-]->[Pm+3]<-O2[H])c([H])c1[H], 3.14
[H]c1c([H])c([H])c(C2([H])C(=O)[O-]->[In+3]<-O2[H])c([H])c1[H], 3.54
[H]c1c([H])c([H])c(C2([H])C(=O)[O-]->[Co+2]<-O2[H])c([H])c1[H], 2.20
[H]c1c([H])c([H])c(C2([H])C(=O)[O-]->[Ce+3]<-O2[H])c([H])c1[H], 3.05
[H]c1c([H])c([H])c(C2([H])C(=O)[O-]->[Tm+3]<-O2[H])c([H])c1[H], 3.60
[H]c1c([H])c([H])c(C2([H])C(=O)[O-]->[U+2]<-O2[H])c([H])c1[H], 3.05
[H]c1c([H])c([H])c(C2([H])C(=O)[O-]->[Cu+2]<-O2[H])c([H])c1[H], 3.29
[H]c1c([H])c([H])c(C2([H])C(=O)[O-]->[Th+4]<-O2[H])c([H])c1[H], 4.10
[H]c1c([H])c([H])c(C2([H])C(=O)[O-]->[Ga+3]<-O2[H])c([H])c1[H], 4.31
[H]c1c([H])c([H])c(C2([H])C(=O)[O-]->[V+2]<-O2[H])c([H])c1[H], 3.15
[H]c1c([H])c([H])c(C2([H])C(=O)[O-]->[Nd+3]<-O2[H])c([H])c1[H], 3.31
[H]c1c([H])c([H])c(C2([H])C(=O)[O-]->[Ni+2]<-O2[H])c([H])c1[H], 2.28
[H]c1c([H])c([H])c(C2([H])C(=O)[O-]->[Ho+3]<-O2[H])c([H])c1[H], 3.51
[H]c1c([H])c([H])c(C2([H])C(=O)[O-]->[Mn+2]<-O2[H])c([H])c1[H], 2.31
[H]c1c([H])c([H])c(C2([H])C(=O)[O-]->[Dy+3]<-O2[H])c([H])c1[H], 3.49
[H]c1c([H])c([H])c(C2([H])C(=O)[O-]->[Lu+3]<-O2[H])c([H])c1[H], 3.71
[H]c1c([H])c([H])c(C2([H])C(=O)[O-]->[Y+3]<-O2[H])c([H])c1[H], 3.23
[H]c1c([H])c([H])c(C2([H])C(=O)[O-]->[La+3]<-O2[H])c([H])c1[H], 3.03
[H]c1c([H])c([H])c(C2([H])C(=O)[O-]->[Sc+3]<-O2[H])c([H])c1[H], 5.67
[H]c1c([H])c([H])c(C2([H])C(=O)[O-]->[Ca+2]<-O2[H])c([H])c1[H], 1.40
[H]c1c([H])c([H])c(C2([H])C(=O)[O-]->[Er+3]<-O2[H])c([H])c1[H], 3.58
[H]c1c([H])c([H])c(C2([H])C(=O)[O-]->[Pr+3]<-O2[H])c([H])c1[H], 3.24
O=C1[O-]->[In+3]<-[O-]C1=O, 7.36
O=C1[O-]->[V+2]<-[O-]C1=O, 7.06
O=C1[O-]->[Sm+3]<-[O-]C1=O, 6.57
O=C1[O-]->[Y+3]<-[O-]C1=O, 6.58
O=C1[O-]->[Cm+3]<-[O-]C1=O, 6.99
O=C1[O-]->[U+2]<-[O-]C1=O, 7.43
O=C1[O-]->[Ba+2]<-[O-]C1=O, 2.06
O=C1[O-]->[Am+3]<-[O-]C1=O, 6.53
O=C1[O-]->[Mn+2]<-[O-]C1=O, 4.26
O=C1[O-]->[Ac+3]<-[O-]C1=O, 5.83
O=C1[O-]->[Cu+2]<-[O-]C1=O, 6.04
O=C1[O-]->[Fe+3]<-[O-]C1=O, 9.44
O=C1[O-]->[Er+3]<-[O-]C1=O, 6.97
O=C1[O-]->[Pb+2]<-[O-]C1=O, 4.99
O=C1[O-]->[Ca+2]<-[O-]C1=O, 3.23
O=C1[O-]->[Gd+3]<-[O-]C1=O, 6.79
O=C1[O-]->[Th+4]<-[O-]C1=O, 10.32
O=C1[O-]->[Lu+3]<-[O-]C1=O, 7.06
O=C1[O-]->[Tb+3]<-[O-]C1=O, 6.85
O=C1[O-]->[La+3]<-[O-]C1=O, 6.21
O=C1[O-]->[Be+2]<-[O-]C1=O, 4.91
O=C1[O-]->[Ag+]<-[O-]C1=O, 3.02
O=C1[O-]->[Co+2]<-[O-]C1=O, 4.68
O=C1[O-]->[Pm+3]<-[O-]C1=O, 6.55
O=C1[O-]->[Ce+3]<-[O-]C1=O, 6.33
O=C1[O-]->[Mg+2]<-[O-]C1=O, 3.50
O=C1[O-]->[Pr+3]<-[O-]C1=O, 6.38
O=C1[O-]->[Fe+2]<-[O-]C1=O, 4.27
O=C1[O-]->[Cd+2]<-[O-]C1=O, 3.88
O=C1[O-]->[Dy+3]<-[O-]C1=O, 6.88
O=C1[O-]->[Cr+2]<-[O-]C1=O, 4.68
O=C1[O-]->[U+4]<-[O-]C1=O, 11.57
O=C1[O-]->[Al+3]<-[O-]C1=O, 7.28
O=C1[O-]->[Eu+3]<-[O-]C1=O, 6.72
O=C1[O-]->[Tm+3]<-[O-]C1=O, 6.99
O=C1[O-]->[Sr+2]<-[O-]C1=O, 2.29
O=C1[O-]->[Zn+2]<-[O-]C1=O, 4.73
O=C1[O-]->[Ni+2]<-[O-]C1=O, 5.23
O=C1[O-]->[Yb+3]<-[O-]C1=O, 7.20
O=C1[O-]->[Ga+3]<-[O-]C1=O, 8.90
O=C1[O-]->[Pu+4]<-[O-]C1=O, 11.69
O=C1[O-]->[Sc+3]<-[O-]C1=O, 9.70
O=C1[O-]->[Nd+3]<-[O-]C1=O, 6.45
O=C1[O-]->[Cr+3]<-[O-]C1=O, 9.24
[H]C([H])([H])C1([H])C(=O)[O-]->[Sr+2]<-[O-]C1=O, 2.33
[H]C([H])([H])C1([H])C(=O)[O-]->[Yb+3]<-[O-]C1=O, 5.85
[H]C([H])([H])C1([H])C(=O)[O-]->[Ca+2]<-[O-]C1=O, 2.55
[H]C([H])([H])C1([H])C(=O)[O-]->[Fe+3]<-[O-]C1=O, 8.99
[H]C([H])([H])C1([H])C(=O)[O-]->[Nd+3]<-[O-]C1=O, 5.25
[H]C([H])([H])C1([H])C(=O)[O-]->[U+2]<-[O-]C1=O, 6.84
[H]C([H])([H])C1([H])C(=O)[O-]->[Cr+3]<-[O-]C1=O, 8.60
[H]C([H])([H])C1([H])C(=O)[O-]->[Ni+2]<-[O-]C1=O, 3.52
[H]C([H])([H])C1([H])C(=O)[O-]->[Tb+3]<-[O-]C1=O, 5.81
[H]C([H])([H])C1([H])C(=O)[O-]->[Sm+3]<-[O-]C1=O, 5.60
[H]C([H])([H])C1([H])C(=O)[O-]->[Be+2]<-[O-]C1=O, 6.40
[H]C([H])([H])C1([H])C(=O)[O-]->[Zn+2]<-[O-]C1=O, 3.40
[H]C([H])([H])C1([H])C(=O)[O-]->[Ho+3]<-[O-]C1=O, 5.80
[H]C([H])([H])C1([H])C(=O)[O-]->[Eu+3]<-[O-]C1=O, 5.78
[H]C([H])([H])C1([H])C(=O)[O-]->[Cu+2]<-[O-]C1=O, 5.71
[H]C([H])([H])C1([H])C(=O)[O-]->[Y+3]<-[O-]C1=O, 5.56
[H]C([H])([H])C1([H])C(=O)[O-]->[Cd+2]<-[O-]C1=O, 3.48
[H]C([H])([H])C1([H])C(=O)[O-]->[La+3]<-[O-]C1=O, 4.83
[H]C([H])([H])C1([H])C(=O)[O-]->[Mg+2]<-[O-]C1=O, 2.63
[H]C([H])([H])C1([H])C(=O)[O-]->[Pr+3]<-[O-]C1=O, 5.28
[H]C([H])([H])C1([H])C(=O)[O-]->[Lu+3]<-[O-]C1=O, 5.85
[H]C([H])([H])C1([H])C(=O)[O-]->[Ba+2]<-[O-]C1=O, 2.32
[H]C([H])([H])C1([H])C(=O)[O-]->[Co+2]<-[O-]C1=O, 3.35
[H]C([H])([H])C1([H])C(=O)[O-]->[In+3]<-[O-]C1=O, 7.54
[H]C([H])([H])C1([H])C(=O)[O-]->[Dy+3]<-[O-]C1=O, 5.86
[H]C([H])([H])C1([H])C(=O)[O-]->[Er+3]<-[O-]C1=O, 5.86
[H]C([H])([H])C1([H])C(=O)[O-]->[Gd+3]<-[O-]C1=O, 5.70
[H]C([H])([H])C1([H])C(=O)[O-]->[Tm+3]<-[O-]C1=O, 5.86
[H]C([H])([H])C1([H])C(=O)[O-]->[Ce+3]<-[O-]C1=O, 5.26
[H]c1c([H])n(->[Co+2])c([H])n1[H], 2.44
[H]c1c([H])n(->[Fe+2])c([H])n1[H], 1.81
[H]c1c([H])n(->[Sr+2])c([H])n1[H], -0.25
[H]c1c([H])n(->[Ni+2])c([H])n1[H], 3.07
[H]c1c([H])n(->[Ag+])c([H])n1[H], 3.11
[H]c1c([H])n(->[Pb+2])c([H])n1[H], 2.90
[H]c1c([H])n(->[Cd+2])c([H])n1[H], 2.74
[H]c1c([H])n(->[Mn+2])c([H])n1[H], 1.26
[H]c1c([H])n(->[Zn+2])c([H])n1[H], 2.56
[H]c1c([H])n(->[Cu+2])c([H])n1[H], 4.23
[H]c1c([H])n(->[Ba+2])c([H])n1[H], -0.40
[H]c1c([H])n(->[Hg+2])c([H])n1[H], 9.18
[H]c1c([H])n(->[Ca+2])c([H])n1[H], -0.15
[H]c1c([H])n(->[Mg+2])c([H])n1[H], 0.13
[H]Oc1c([H])c([H])c(C([H])([H])C2([H])C(=O)[O-]->[Ca+2]<-N2([H])[H])c([H])c1[H], 1.48
[H]Oc1c([H])c([H])c(C([H])([H])C2([H])C(=O)[O-]->[Co+2]<-N2([H])[H])c([H])c1[H], 4.38
[H]Oc1c([H])c([H])c(C([H])([H])C2([H])C(=O)[O-]->[Yb+3]<-N2([H])[H])c([H])c1[H], 5.85
[H]Oc1c([H])c([H])c(C([H])([H])C2([H])C(=O)[O-]->[Zn+2]<-N2([H])[H])c([H])c1[H], 4.72
[H]Oc1c([H])c([H])c(C([H])([H])C2([H])C(=O)[O-]->[Ni+2]<-N2([H])[H])c([H])c1[H], 5.34
[H]Oc1c([H])c([H])c(C([H])([H])C2([H])C(=O)[O-]->[La+3]<-N2([H])[H])c([H])c1[H], 4.49
[H]Oc1c([H])c([H])c(C([H])([H])C2([H])C(=O)[O-]->[Cd+2]<-N2([H])[H])c([H])c1[H], 4.17
[H]Oc1c([H])c([H])c(C([H])([H])C2([H])C(=O)[O-]->[Mg+2]<-N2([H])[H])c([H])c1[H], 2.18
[H]Oc1c([H])c([H])c(C([H])([H])C2([H])C(=O)[O-]->[Mn+2]<-N2([H])[H])c([H])c1[H], 2.58
[H]Oc1c([H])c([H])c(C([H])([H])C2([H])C(=O)[O-]->[Cu+2]<-N2([H])[H])c([H])c1[H], 8.16
[H]Oc1c([H])c([H])c(C([H])([H])C2([H])C(=O)[O-]->[Pb+2]<-N2([H])[H])c([H])c1[H], 4.76
[H]C([H])([H])C1([H])C([H])(C([H])([H])[H])N([H])([H])->[Ni+2]<-N1([H])[H], 7.76
[H]C([H])([H])C1([H])C([H])(C([H])([H])[H])N([H])([H])->[Pb+2]<-N1([H])[H], 5.35
[H]C([H])([H])C1([H])C([H])(C([H])([H])[H])N([H])([H])->[Cu+2]<-N1([H])[H], 11.17
[H]C([H])([H])C1([H])C([H])(C([H])([H])[H])N([H])([H])->[Co+2]<-N1([H])[H], 5.58
[H]C([H])([H])C1([H])C([H])(C([H])([H])[H])N([H])([H])->[Zn+2]<-N1([H])[H], 5.94
[H]C([H])([H])C1([H])C([H])(C([H])([H])[H])N([H])([H])->[Mn+2]<-N1([H])[H], 2.94
[H]OC([H])([H])C1=C2[O-]->[Ca+2]<-O=C2C([H])=C([H])O1, 2.95
[H]OC([H])([H])C1=C2[O-]->[Tm+3]<-O=C2C([H])=C([H])O1, 7.06
[H]OC([H])([H])C1=C2[O-]->[Cd+2]<-O=C2C([H])=C([H])O1, 4.75
[H]OC([H])([H])C1=C2[O-]->[Tb+3]<-O=C2C([H])=C([H])O1, 7.20
[H]OC([H])([H])C1=C2[O-]->[Cu+2]<-O=C2C([H])=C([H])O1, 7.17
[H]OC([H])([H])C1=C2[O-]->[Lu+3]<-O=C2C([H])=C([H])O1, 7.09
[H]OC([H])([H])C1=C2[O-]->[Er+3]<-O=C2C([H])=C([H])O1, 6.97
[H]OC([H])([H])C1=C2[O-]->[V+2]<-O=C2C([H])=C([H])O1, 8.15
[H]OC([H])([H])C1=C2[O-]->[Mn+2]<-O=C2C([H])=C([H])O1, 4.40
[H]OC([H])([H])C1=C2[O-]->[Eu+3]<-O=C2C([H])=C([H])O1, 6.78
[H]OC([H])([H])C1=C2[O-]->[Be+2]<-O=C2C([H])=C([H])O1, 5.65
[H]OC([H])([H])C1=C2[O-]->[Co+2]<-O=C2C([H])=C([H])O1, 5.17
[H]OC([H])([H])C1=C2[O-]->[Pr+3]<-O=C2C([H])=C([H])O1, 6.25
[H]OC([H])([H])C1=C2[O-]->[Yb+3]<-O=C2C([H])=C([H])O1, 7.12
[H]OC([H])([H])C1=C2[O-]->[Dy+3]<-O=C2C([H])=C([H])O1, 7.00
[H]OC([H])([H])C1=C2[O-]->[Gd+3]<-O=C2C([H])=C([H])O1, 6.49
[H]OC([H])([H])C1=C2[O-]->[Zn+2]<-O=C2C([H])=C([H])O1, 5.54
[H]OC([H])([H])C1=C2[O-]->[Ce+3]<-O=C2C([H])=C([H])O1, 6.23
[H]OC([H])([H])C1=C2[O-]->[Al+3]<-O=C2C([H])=C([H])O1, 8.35
[H]OC([H])([H])C1=C2[O-]->[Sm+3]<-O=C2C([H])=C([H])O1, 6.66
[H]OC([H])([H])C1=C2[O-]->[Ni+2]<-O=C2C([H])=C([H])O1, 5.41
[H]OC([H])([H])C1=C2[O-]->[U+2]<-O=C2C([H])=C([H])O1, 7.68
[H]OC([H])([H])C1=C2[O-]->[Fe+3]<-O=C2C([H])=C([H])O1, 11.00
[H]OC([H])([H])C1=C2[O-]->[Y+3]<-O=C2C([H])=C([H])O1, 6.52
[H]OC([H])([H])C1=C2[O-]->[Mg+2]<-O=C2C([H])=C([H])O1, 3.35
[H]OC([H])([H])C1=C2[O-]->[Ho+3]<-O=C2C([H])=C([H])O1, 6.96
[H]OC([H])([H])C1=C2[O-]->[La+3]<-O=C2C([H])=C([H])O1, 5.94
[H]OC([H])([H])C1=C2[O-]->[Nd+3]<-O=C2C([H])=C([H])O1, 6.35
[H]c1c([H])c([H])c2c(c1[H])[O-]->[Fe+3]<-[O-]C2=O, 17.68
[H]c1c([H])c([H])c2c(c1[H])[O-]->[U+2]<-[O-]C2=O, 13.37
[H]c1c([H])c([H])c2c(c1[H])[O-]->[Cd+2]<-[O-]C2=O, 6.45
[H]c1c([H])c([H])c2c(c1[H])[O-]->[Y+3]<-[O-]C2=O, 10.03
[H]c1c([H])c([H])c2c(c1[H])[O-]->[Mg+2]<-[O-]C2=O, 6.18
[H]c1c([H])c([H])c2c(c1[H])[O-]->[Fe+2]<-[O-]C2=O, 7.45
[H]c1c([H])c([H])c2c(c1[H])[O-]->[Ca+2]<-[O-]C2=O, 6.61
[H]c1c([H])c([H])c2c(c1[H])[O-]->[Ni+2]<-[O-]C2=O, 7.95
[H]c1c([H])c([H])c2c(c1[H])[O-]->[Cr+3]<-[O-]C2=O, 13.85
[H]c1c([H])c([H])c2c(c1[H])[O-]->[Zn+2]<-[O-]C2=O, 7.88
[H]c1c([H])c([H])c2c(c1[H])[O-]->[Ga+3]<-[O-]C2=O, 15.85
[H]c1c([H])c([H])c2c(c1[H])[O-]->[Pr+3]<-[O-]C2=O, 9.34
[H]c1c([H])c([H])c2c(c1[H])[O-]->[Mn+2]<-[O-]C2=O, 7.35
[H]c1c([H])c([H])c2c(c1[H])[O-]->[Sc+3]<-[O-]C2=O, 15.55
[H]c1c([H])c([H])c2c(c1[H])[O-]->[Cu+2]<-[O-]C2=O, 11.50
[H]c1c([H])c([H])c2c(c1[H])[O-]->[Th+4]<-[O-]C2=O, 17.25
[H]c1c([H])c([H])c2c(c1[H])[O-]->[Sm+3]<-[O-]C2=O, 9.78
[H]c1c([H])c([H])c2c(c1[H])[O-]->[Al+3]<-[O-]C2=O, 14.18
[H]c1c([H])c([H])c2c(c1[H])[O-]->[Nd+3]<-[O-]C2=O, 9.67
[H]c1c([H])c([H])c2c(c1[H])[O-]->[Cr+2]<-[O-]C2=O, 9.31
[H]c1c([H])c([H])c2c(c1[H])[O-]->[V+2]<-[O-]C2=O, 14.39
[H]c1c([H])c([H])c2c(c1[H])[O-]->[La+3]<-[O-]C2=O, 8.93
[H]c1c([H])c([H])c2c(c1[H])[O-]->[Co+2]<-[O-]C2=O, 7.89
[H]c1c([H])c([H])c2c(c1[H])[O-]->[Ce+3]<-[O-]C2=O, 9.14
[H]c1c([H])c([H])c2c(c1[H])[O-]->[In+3]<-[O-]C2=O, 15.63
[H]c1c([H])c([H])c2c(c1[H])[O-]->[Be+2]<-[O-]C2=O, 13.52
[H]C1=C(C([H])([H])[H])[O-]->[Pb+2]<-O=C1C([H])([H])[H], 5.08
[H]C1=C(C([H])([H])[H])[O-]->[Ho+3]<-O=C1C([H])([H])[H], 6.60
[H]C1=C(C([H])([H])[H])[O-]->[Mg+2]<-O=C1C([H])([H])[H], 3.76
[H]C1=C(C([H])([H])[H])[O-]->[In+3]<-O=C1C([H])([H])[H], 8.53
[H]C1=C(C([H])([H])[H])[O-]->[Pd+2]<-O=C1C([H])([H])[H], 16.40
[H]C1=C(C([H])([H])[H])[O-]->[Tm+3]<-O=C1C([H])([H])[H], 6.79
[H]C1=C(C([H])([H])[H])[O-]->[Tb+3]<-O=C1C([H])([H])[H], 6.58
[H]C1=C(C([H])([H])[H])[O-]->[Ba+2]<-O=C1C([H])([H])[H], 2.15
[H]C1=C(C([H])([H])[H])[O-]->[Cr+3]<-O=C1C([H])([H])[H], 11.06
[H]C1=C(C([H])([H])[H])[O-]->[U+2]<-O=C1C([H])([H])[H], 7.49
[H]C1=C(C([H])([H])[H])[O-]->[V+2]<-O=C1C([H])([H])[H], 9.01
[H]C1=C(C([H])([H])[H])[O-]->[Nd+3]<-O=C1C([H])([H])[H], 5.87
[H]C1=C(C([H])([H])[H])[O-]->[Dy+3]<-O=C1C([H])([H])[H], 6.72
[H]C1=C(C([H])([H])[H])[O-]->[Pr+3]<-O=C1C([H])([H])[H], 5.81
[H]C1=C(C([H])([H])[H])[O-]->[Eu+3]<-O=C1C([H])([H])[H], 6.30
[H]C1=C(C([H])([H])[H])[O-]->[Lu+3]<-O=C1C([H])([H])[H], 6.81
[H]C1=C(C([H])([H])[H])[O-]->[Cu+2]<-O=C1C([H])([H])[H], 8.38
[H]C1=C(C([H])([H])[H])[O-]->[Zn+2]<-O=C1C([H])([H])[H], 5.21
[H]C1=C(C([H])([H])[H])[O-]->[Ce+3]<-O=C1C([H])([H])[H], 5.63
[H]C1=C(C([H])([H])[H])[O-]->[Cd+2]<-O=C1C([H])([H])[H], 3.89
[H]C1=C(C([H])([H])[H])[O-]->[Fe+3]<-O=C1C([H])([H])[H], 9.72
[H]C1=C(C([H])([H])[H])[O-]->[Sm+3]<-O=C1C([H])([H])[H], 6.26
[H]C1=C(C([H])([H])[H])[O-]->[Ga+3]<-O=C1C([H])([H])[H], 9.49
[H]C1=C(C([H])([H])[H])[O-]->[U+4]<-O=C1C([H])([H])[H], 9.70
[H]C1=C(C([H])([H])[H])[O-]->[Y+3]<-O=C1C([H])([H])[H], 6.64
[H]C1=C(C([H])([H])[H])[O-]->[Sc+3]<-O=C1C([H])([H])[H], 8.69
[H]C1=C(C([H])([H])[H])[O-]->[Er+3]<-O=C1C([H])([H])[H], 6.66
[H]C1=C(C([H])([H])[H])[O-]->[Fe+2]<-O=C1C([H])([H])[H], 5.36
[H]C1=C(C([H])([H])[H])[O-]->[Th+4]<-O=C1C([H])([H])[H], 8.69
[H]C1=C(C([H])([H])[H])[O-]->[Sr+2]<-O=C1C([H])([H])[H], 2.20
[H]C1=C(C([H])([H])[H])[O-]->[Ca+2]<-O=C1C([H])([H])[H], 2.77
[H]C1=C(C([H])([H])[H])[O-]->[Al+3]<-O=C1C([H])([H])[H], 8.74
[H]C1=C(C([H])([H])[H])[O-]->[Yb+3]<-O=C1C([H])([H])[H], 6.65
[H]C1=C(C([H])([H])[H])[O-]->[Co+2]<-O=C1C([H])([H])[H], 5.57
[H]C1=C(C([H])([H])[H])[O-]->[Cr+2]<-O=C1C([H])([H])[H], 6.57
[H]C1=C(C([H])([H])[H])[O-]->[Be+2]<-O=C1C([H])([H])[H], 7.94
[H]C1=C(C([H])([H])[H])[O-]->[Ni+2]<-O=C1C([H])([H])[H], 6.10
[H]C1=C(C([H])([H])[H])[O-]->[La+3]<-O=C1C([H])([H])[H], 5.48
[H]C1=C(C([H])([H])[H])[O-]->[Gd+3]<-O=C1C([H])([H])[H], 6.49
[H]C1=C(C([H])([H])[H])[O-]->[Mn+2]<-O=C1C([H])([H])[H], 4.45
[H]c1c([H])c2c([H])c([H])c3c([H])c([H])c(C([H])([H])[H])n4->[Fe+2]<-n(c1[H])c2c34, 4.20
[H]c1c([H])c2c([H])c([H])c3c([H])c([H])c(C([H])([H])[H])n4->[Mn+2]<-n(c1[H])c2c34, 3.00
[H]c1c([H])c2c([H])c([H])c3c([H])c([H])c(C([H])([H])[H])n4->[Zn+2]<-n(c1[H])c2c34, 4.96
[H]c1c([H])c2c([H])c([H])c3c([H])c([H])c(C([H])([H])[H])n4->[Co+2]<-n(c1[H])c2c34, 5.10
[H]c1c([H])c2c([H])c([H])c3c([H])c([H])c(C([H])([H])[H])n4->[Ni+2]<-n(c1[H])c2c34, 5.95
[H]c1c([H])c2c([H])c([H])c3c([H])c([H])c(C([H])([H])[H])n4->[Cd+2]<-n(c1[H])c2c34, 5.15
[H]c1c([H])c2c([H])c([H])c3c([H])c([H])c(C([H])([H])[H])n4->[Cu+2]<-n(c1[H])c2c34, 7.40
[H]C([H])([H])C1([H])C([H])([H])N([H])([H])->[Cu+2]<-N1([H])[H], 10.58
[H]C([H])([H])C1([H])C([H])([H])N([H])([H])->[Ni+2]<-N1([H])[H], 7.37
[H]C([H])([H])C1([H])C([H])([H])N([H])([H])->[Zn+2]<-N1([H])[H], 5.80
[H]C([H])([H])C1([H])C([H])([H])N([H])([H])->[Cd+2]<-N1([H])[H], 5.42
[H]C([H])([H])C1([H])C([H])([H])N([H])([H])->[Ag+]<-N1([H])[H], 5.52
[H]C([H])([H])C1([H])C([H])([H])N([H])([H])->[Pb+2]<-N1([H])[H], 5.06
[H]C([H])([H])C1([H])C([H])([H])N([H])([H])->[Co+2]<-N1([H])[H], 6.41
[H]C([H])([H])C1([H])C([H])(C([H])([H])[H])N([H])([H])->[Mn+2]<-N1([H])[H], 2.64
[H]C([H])([H])C1([H])C([H])(C([H])([H])[H])N([H])([H])->[Zn+2]<-N1([H])[H], 5.45
[H]C([H])([H])C1([H])C([H])(C([H])([H])[H])N([H])([H])->[Ni+2]<-N1([H])[H], 6.83
[H]C([H])([H])C1([H])C([H])(C([H])([H])[H])N([H])([H])->[Cu+2]<-N1([H])[H], 10.56
[H]C([H])([H])C1([H])C([H])(C([H])([H])[H])N([H])([H])->[Co+2]<-N1([H])[H], 4.84
[H]C([H])([H])C1([H])C([H])(C([H])([H])[H])N([H])([H])->[Pb+2]<-N1([H])[H], 5.45
[H]c1c([H])c([H])c(O2->[Th+4]<-[O-]C(=O)C2([H])[H])c([H])c1[H], 4.96
[H]c1c([H])c([H])c(O2->[Cd+2]<-[O-]C(=O)C2([H])[H])c([H])c1[H], 1.45
[H]c1c([H])c([H])c(O2->[U+2]<-[O-]C(=O)C2([H])[H])c([H])c1[H], 2.95
[H]c1c([H])c([H])c(O2->[Zn+2]<-[O-]C(=O)C2([H])[H])c([H])c1[H], 1.10
[H]c1c([H])c([H])c(O2->[Ca+2]<-[O-]C(=O)C2([H])[H])c([H])c1[H], 1.09
[H]c1c([H])c([H])c(O2->[Mg+2]<-[O-]C(=O)C2([H])[H])c([H])c1[H], 1.04
[H]c1c([H])c([H])c(O2->[K+]<-[O-]C(=O)C2([H])[H])c([H])c1[H], 0.05
[H]c1c([H])c([H])c(O2->[Na+]<-[O-]C(=O)C2([H])[H])c([H])c1[H], 0.07
[H]c1c([H])c([H])c(O2->[Ni+2]<-[O-]C(=O)C2([H])[H])c([H])c1[H], 0.75
[H]c1c([H])c([H])c(O2->[Ag+]<-[O-]C(=O)C2([H])[H])c([H])c1[H], 1.02
[H]c1c([H])c([H])c(O2->[Li+]<-[O-]C(=O)C2([H])[H])c([H])c1[H], 0.16
[H]c1c([H])c([H])c(O2->[Cu+2]<-[O-]C(=O)C2([H])[H])c([H])c1[H], 1.86
[H]c1c([H])c([H])c(O2->[Pb+2]<-[O-]C(=O)C2([H])[H])c([H])c1[H], 1.85
[H]C1([H])C([H])([H])C([H])([H])C2([H])C([H])(C1([H])[H])N([H])([H])->[Ni+2]<-N2([H])[H], 7.93
[H]C1([H])C([H])([H])C([H])([H])C2([H])C([H])(C1([H])[H])N([H])([H])->[Cu+2]<-N2([H])[H], 11.26
[H]C1([H])C([H])([H])C([H])([H])C2([H])C([H])(C1([H])[H])N([H])([H])->[Co+2]<-N2([H])[H], 6.37
[H]C1([H])C([H])([H])C([H])([H])C2([H])C([H])(C1([H])[H])N([H])([H])->[Cd+2]<-N2([H])[H], 5.83
[H]C1([H])C([H])([H])C([H])([H])C2([H])C([H])(C1([H])[H])N([H])([H])->[Zn+2]<-N2([H])[H], 6.31
[H][O-]->[U+2], 8.20
[H][O-]->[Al+3], 9.01
[H][O-]->[Be+2], 8.60
[H][O-]->[Sm+3], 6.29
[H][O-]->[Y+3], 6.29
[H][O-]->[Fe+2], 4.60
[H][O-]->[Pr+3], 6.08
[H][O-]->[Cu+2], 6.50
[H][O-]->[K+], -0.50
[H][O-]->[Fe+3], 11.81
[H][O-]->[Sc+3], 9.70
[H][O-]->[Ni+2], 4.10
[H][O-]->[Cr+3], 10.04
[H][O-]->[Ba+2], 0.60
[H][O-]->[Dy+3], 6.53
[H][O-]->[Li+], 0.36
[H][O-]->[Sr+2], 0.80
[H][O-]->[Gd+3], 6.28
[H][O-]->[Ag+], 2.00
[H][O-]->[Mg+2], 2.80
[H][O-]->[Ga+3], 11.47
[H][O-]->[Cd+2], 3.90
[H][O-]->[Na+], 0.10
[H][O-]->[Er+3], 6.64
[H][O-]->[Tb+3], 6.47
[H][O-]->[Pb+2], 6.40
[H][O-]->[Hg+2], 10.60
[H][O-]->[Tm+3], 6.68
[H][O-]->[Mn+2], 3.40
[H][O-]->[Co+2], 4.30
[H][O-]->[Ca+2], 1.30
[H][O-]->[U+4], 13.30
[H][O-]->[Yb+3], 6.71
[H][O-]->[Pu+2], 8.40
[H][O-]->[La+3], 5.53
[H][O-]->[Th+4], 10.80
[H][O-]->[Nd+3], 6.20
[H][O-]->[Zn+2], 5.00
[H][O-]->[Ho+3], 6.59
[H][O-]->[Eu+3], 6.32
[H][O-]->[Pu+4], 13.04
[H][O-]->[Lu+3], 6.73
[H][O-]->[V+2], 8.30
[H][O-]->[In+3], 10.10
[H][O-]->[Pd+2], 13.00
[H]c1c([H])c2c([H])c([H])c3c([H])c([H])c([H])n4->[Ag+]<-n(c1[H])c2c34, 5.01
[H]c1c([H])c2c([H])c([H])c3c([H])c([H])c([H])n4->[Cd+2]<-n(c1[H])c2c34, 5.71
[H]c1c([H])c2c([H])c([H])c3c([H])c([H])c([H])n4->[Fe+2]<-n(c1[H])c2c34, 5.85
[H]c1c([H])c2c([H])c([H])c3c([H])c([H])c([H])n4->[Fe+3]<-n(c1[H])c2c34, 6.50
[H]c1c([H])c2c([H])c([H])c3c([H])c([H])c([H])n4->[Hg+2]<-n(c1[H])c2c34, 9.85
[H]c1c([H])c2c([H])c([H])c3c([H])c([H])c([H])n4->[Zn+2]<-n(c1[H])c2c34, 6.42
[H]c1c([H])c2c([H])c([H])c3c([H])c([H])c([H])n4->[V+2]<-n(c1[H])c2c34, 5.68
[H]c1c([H])c2c([H])c([H])c3c([H])c([H])c([H])n4->[Cu+2]<-n(c1[H])c2c34, 9.21
[H]c1c([H])c2c([H])c([H])c3c([H])c([H])c([H])n4->[Co+2]<-n(c1[H])c2c34, 7.18
[H]c1c([H])c2c([H])c([H])c3c([H])c([H])c([H])n4->[Ga+3]<-n(c1[H])c2c34, 5.58
[H]c1c([H])c2c([H])c([H])c3c([H])c([H])c([H])n4->[Ca+2]<-n(c1[H])c2c34, 1.15
[H]c1c([H])c2c([H])c([H])c3c([H])c([H])c([H])n4->[U+2]<-n(c1[H])c2c34, 3.90
[H]c1c([H])c2c([H])c([H])c3c([H])c([H])c([H])n4->[Ba+2]<-n(c1[H])c2c34, 0.64
[H]c1c([H])c2c([H])c([H])c3c([H])c([H])c([H])n4->[Ni+2]<-n(c1[H])c2c34, 8.71
[H]c1c([H])c2c([H])c([H])c3c([H])c([H])c([H])n4->[Pb+2]<-n(c1[H])c2c34, 4.71
[H]c1c([H])c2c([H])c([H])c3c([H])c([H])c([H])n4->[In+3]<-n(c1[H])c2c34, 5.61
[H]c1c([H])c2c([H])c([H])c3c([H])c([H])c([H])n4->[Mg+2]<-n(c1[H])c2c34, 1.61
[H]c1c([H])c2c([H])c([H])c3c([H])c([H])c([H])n4->[Sr+2]<-n(c1[H])c2c34, 0.89
[H]c1c([H])c2c([H])c([H])c3c([H])c([H])c([H])n4->[Mn+2]<-n(c1[H])c2c34, 4.06
[H]c1c([H])c([H])c2c(c1[H])[O-]->[U+2]<-[O-]2, 16.40
[H]c1c([H])c([H])c2c(c1[H])[O-]->[Cu+2]<-[O-]2, 14.67
[H]c1c([H])c([H])c2c(c1[H])[O-]->[Sm+3]<-[O-]2, 11.16
[H]c1c([H])c([H])c2c(c1[H])[O-]->[Gd+3]<-[O-]2, 11.60
[H]c1c([H])c([H])c2c(c1[H])[O-]->[Fe+3]<-[O-]2, 21.33
[H]c1c([H])c([H])c2c(c1[H])[O-]->[Ca+2]<-[O-]2, 4.54
[H]c1c([H])c([H])c2c(c1[H])[O-]->[Sc+3]<-[O-]2, 18.39
[H]c1c([H])c([H])c2c(c1[H])[O-]->[Ga+3]<-[O-]2, 20.23
[H]c1c([H])c([H])c2c(c1[H])[O-]->[V+2]<-[O-]2, 18.13
[H]c1c([H])c([H])c2c(c1[H])[O-]->[Be+2]<-[O-]2, 15.11
[H]c1c([H])c([H])c2c(c1[H])[O-]->[Cd+2]<-[O-]2, 9.10
[H]c1c([H])c([H])c2c(c1[H])[O-]->[Pr+3]<-[O-]2, 10.60
[H]c1c([H])c([H])c2c(c1[H])[O-]->[Zn+2]<-[O-]2, 10.60
[H]c1c([H])c([H])c2c(c1[H])[O-]->[Nd+3]<-[O-]2, 11.09
[H]c1c([H])c([H])c2c(c1[H])[O-]->[Dy+3]<-[O-]2, 12.01
[H]c1c([H])c([H])c2c(c1[H])[O-]->[Fe+2]<-[O-]2, 9.17
[H]c1c([H])c([H])c2c(c1[H])[O-]->[Co+2]<-[O-]2, 9.45
[H]c1c([H])c([H])c2c(c1[H])[O-]->[Mg+2]<-[O-]2, 6.37
[H]c1c([H])c([H])c2c(c1[H])[O-]->[Tb+3]<-[O-]2, 11.72
[H]c1c([H])c([H])c2c(c1[H])[O-]->[Ce+3]<-[O-]2, 10.52
[H]c1c([H])c([H])c2c(c1[H])[O-]->[Ni+2]<-[O-]2, 9.73
[H]c1c([H])c([H])c2c(c1[H])[O-]->[Mn+2]<-[O-]2, 8.51
[H]c1c([H])c([H])c2c(c1[H])[O-]->[Th+4]<-[O-]2, 19.26
[H]c1c([H])c([H])c2c(c1[H])[O-]->[Y+3]<-[O-]2, 11.45
[H]c1c([H])c([H])c2c(c1[H])[O-]->[Eu+3]<-[O-]2, 11.33
[H]c1c([H])c([H])c2c(c1[H])[O-]->[La+3]<-[O-]2, 10.27
[H]c1c([H])c([H])c2c(c1[H])[O-]->[Al+3]<-[O-]2, 17.91
[H]C1=C([H])C([H])=C([H])C([H])=C2[O-]->[La+3]<-O=C12, 6.89
[H]C1=C([H])C([H])=C([H])C([H])=C2[O-]->[Eu+3]<-O=C12, 7.77
[H]C1=C([H])C([H])=C([H])C([H])=C2[O-]->[Cu+2]<-O=C12, 8.79
[H]C1=C([H])C([H])=C([H])C([H])=C2[O-]->[Tb+3]<-O=C12, 7.82
[H]C1=C([H])C([H])=C([H])C([H])=C2[O-]->[Tm+3]<-O=C12, 8.27
[H]C1=C([H])C([H])=C([H])C([H])=C2[O-]->[Ce+3]<-O=C12, 7.23
[H]C1=C([H])C([H])=C([H])C([H])=C2[O-]->[Zn+2]<-O=C12, 6.29
[H]C1=C([H])C([H])=C([H])C([H])=C2[O-]->[Lu+3]<-O=C12, 8.36
[H]C1=C([H])C([H])=C([H])C([H])=C2[O-]->[Pr+3]<-O=C12, 7.33
[H]C1=C([H])C([H])=C([H])C([H])=C2[O-]->[Y+3]<-O=C12, 7.85
[H]C1=C([H])C([H])=C([H])C([H])=C2[O-]->[Ho+3]<-O=C12, 8.08
[H]C1=C([H])C([H])=C([H])C([H])=C2[O-]->[Gd+3]<-O=C12, 7.71
[H]C1=C([H])C([H])=C([H])C([H])=C2[O-]->[Pb+2]<-O=C12, 7.15
[H]C1=C([H])C([H])=C([H])C([H])=C2[O-]->[Mg+2]<-O=C12, 4.27
[H]C1=C([H])C([H])=C([H])C([H])=C2[O-]->[Sm+3]<-O=C12, 7.58
[H]C1=C([H])C([H])=C([H])C([H])=C2[O-]->[Ni+2]<-O=C12, 6.42
[H]C1=C([H])C([H])=C([H])C([H])=C2[O-]->[Dy+3]<-O=C12, 7.90
[H]C1=C([H])C([H])=C([H])C([H])=C2[O-]->[Be+2]<-O=C12, 7.85
[H]C1=C([H])C([H])=C([H])C([H])=C2[O-]->[Nd+3]<-O=C12, 7.44
[H]C1=C([H])C([H])=C([H])C([H])=C2[O-]->[Ca+2]<-O=C12, 3.51
[H]C1=C([H])C([H])=C([H])C([H])=C2[O-]->[Co+2]<-O=C12, 6.04
[H]C1=C([H])C([H])=C([H])C([H])=C2[O-]->[Sr+2]<-O=C12, 2.90
[H]C1=C([H])C([H])=C([H])C([H])=C2[O-]->[Er+3]<-O=C12, 8.21
[H]C1=C([H])C([H])=C([H])C([H])=C2[O-]->[U+2]<-O=C12, 8.79
[H]C1=C([H])C([H])=C([H])C([H])=C2[O-]->[Th+4]<-O=C12, 10.51
[H]C1=C([H])C([H])=C([H])C([H])=C2[O-]->[Mn+2]<-O=C12, 5.05
[H]C1=C([H])C([H])=C([H])C([H])=C2[O-]->[Sc+3]<-O=C12, 7.50
[H]C1=C([H])C([H])=C([H])C([H])=C2[O-]->[Yb+3]<-O=C12, 8.52
[H]C1=C([H])C([H])=C([H])C([H])=C2[O-]->[Cd+2]<-O=C12, 5.05
[H]C1([H])C([H])([H])C([H])([H])C2([H])C([H])(C1([H])[H])N([H])([H])->[Cd+2]<-N2([H])[H], 5.76
[H]C1([H])C([H])([H])C([H])([H])C2([H])C([H])(C1([H])[H])N([H])([H])->[Cu+2]<-N2([H])[H], 10.80
[H]C1([H])C([H])([H])C([H])([H])C2([H])C([H])(C1([H])[H])N([H])([H])->[Ni+2]<-N2([H])[H], 7.27
[H]C1([H])C([H])([H])C([H])([H])C2([H])C([H])(C1([H])[H])N([H])([H])->[Zn+2]<-N2([H])[H], 6.03
[H]C1([H])C([H])([H])C([H])([H])C2([H])C([H])(C1([H])[H])N([H])([H])->[Co+2]<-N2([H])[H], 5.79
[H]c1c([H])c([H])n2->[Ni+2]<-O([H])C([H])([H])c2c1[H], 2.84
[H]c1c([H])c([H])n2->[Mn+2]<-O([H])C([H])([H])c2c1[H], 1.00
[H]c1c([H])c([H])n2->[Cd+2]<-O([H])C([H])([H])c2c1[H], 1.70
[H]c1c([H])c([H])n2->[Ag+]<-O([H])C([H])([H])c2c1[H], 2.14
[H]c1c([H])c([H])n2->[Cu+2]<-O([H])C([H])([H])c2c1[H], 3.65
[H]c1c([H])c([H])n2->[Zn+2]<-O([H])C([H])([H])c2c1[H], 1.90
[H]c1c([H])c([H])n2->[Co+2]<-O([H])C([H])([H])c2c1[H], 2.10
[H]c1c([H])c([H])n2->[Zn+2]<-n3c([H])c([H])c([H])c([H])c3C([H])([H])c2c1[H], 2.81
[H]c1c([H])c([H])n2->[Cd+2]<-n3c([H])c([H])c([H])c([H])c3C([H])([H])c2c1[H], 3.04
[H]c1c([H])c([H])n2->[Ag+]<-n3c([H])c([H])c([H])c([H])c3C([H])([H])c2c1[H], 3.33
[H]c1c([H])c([H])n2->[Co+2]<-n3c([H])c([H])c([H])c([H])c3C([H])([H])c2c1[H], 3.46
[H]c1c([H])c([H])n2->[Cu+2]<-n3c([H])c([H])c([H])c([H])c3C([H])([H])c2c1[H], 6.70
[H]c1c([H])c([H])n2->[Ni+2]<-n3c([H])c([H])c([H])c([H])c3C([H])([H])c2c1[H], 5.02
[H]c1c([H])c([H])n2->[Hg+2]<-n3c([H])c([H])c([H])c([H])c3C([H])([H])c2c1[H], 7.80
[H]c1c([H])c(S(=O)(=O)[O-])c([H])c2c1[O-]->[Mn+2]<-[O-]C2=O, 6.55
[H]c1c([H])c(S(=O)(=O)[O-])c([H])c2c1[O-]->[Cu+2]<-[O-]C2=O, 10.93
[H]c1c([H])c(S(=O)(=O)[O-])c([H])c2c1[O-]->[V+2]<-[O-]C2=O, 12.43
[H]c1c([H])c(S(=O)(=O)[O-])c([H])c2c1[O-]->[Fe+3]<-[O-]C2=O, 17.07
[H]c1c([H])c(S(=O)(=O)[O-])c([H])c2c1[O-]->[Fe+2]<-[O-]C2=O, 7.25
[H]c1c([H])c(S(=O)(=O)[O-])c([H])c2c1[O-]->[Ni+2]<-[O-]C2=O, 7.81
[H]c1c([H])c(S(=O)(=O)[O-])c([H])c2c1[O-]->[Er+3]<-[O-]C2=O, 10.06
[H]c1c([H])c(S(=O)(=O)[O-])c([H])c2c1[O-]->[Al+3]<-[O-]C2=O, 14.65
[H]c1c([H])c(S(=O)(=O)[O-])c([H])c2c1[O-]->[Zn+2]<-[O-]C2=O, 7.40
[H]c1c([H])c(S(=O)(=O)[O-])c([H])c2c1[O-]->[Y+3]<-[O-]C2=O, 9.51
[H]c1c([H])c(S(=O)(=O)[O-])c([H])c2c1[O-]->[Tb+3]<-[O-]C2=O, 9.91
[H]c1c([H])c(S(=O)(=O)[O-])c([H])c2c1[O-]->[Eu+3]<-[O-]C2=O, 9.48
[H]c1c([H])c(S(=O)(=O)[O-])c([H])c2c1[O-]->[Cr+3]<-[O-]C2=O, 12.23
[H]c1c([H])c(S(=O)(=O)[O-])c([H])c2c1[O-]->[Nd+3]<-[O-]C2=O, 9.38
[H]c1c([H])c(S(=O)(=O)[O-])c([H])c2c1[O-]->[La+3]<-[O-]C2=O, 8.83
[H]c1c([H])c(S(=O)(=O)[O-])c([H])c2c1[O-]->[Ba+2]<-[O-]C2=O, 4.03
[H]c1c([H])c(S(=O)(=O)[O-])c([H])c2c1[O-]->[In+3]<-[O-]C2=O, 13.47
[H]c1c([H])c(S(=O)(=O)[O-])c([H])c2c1[O-]->[Cr+2]<-[O-]C2=O, 8.49
[H]c1c([H])c(S(=O)(=O)[O-])c([H])c2c1[O-]->[Gd+3]<-[O-]C2=O, 9.69
[H]c1c([H])c(S(=O)(=O)[O-])c([H])c2c1[O-]->[Mg+2]<-[O-]C2=O, 6.05
[H]c1c([H])c(S(=O)(=O)[O-])c([H])c2c1[O-]->[Th+4]<-[O-]C2=O, 15.97
[H]c1c([H])c(S(=O)(=O)[O-])c([H])c2c1[O-]->[Sc+3]<-[O-]C2=O, 13.25
[H]c1c([H])c(S(=O)(=O)[O-])c([H])c2c1[O-]->[Ga+3]<-[O-]C2=O, 14.68
[H]c1c([H])c(S(=O)(=O)[O-])c([H])c2c1[O-]->[Ce+3]<-[O-]C2=O, 9.02
[H]c1c([H])c(S(=O)(=O)[O-])c([H])c2c1[O-]->[Pu+2]<-[O-]C2=O, 11.30
[H]c1c([H])c(S(=O)(=O)[O-])c([H])c2c1[O-]->[Dy+3]<-[O-]C2=O, 10.07
[H]c1c([H])c(S(=O)(=O)[O-])c([H])c2c1[O-]->[Co+2]<-[O-]C2=O, 7.84
[H]c1c([H])c(S(=O)(=O)[O-])c([H])c2c1[O-]->[Ho+3]<-[O-]C2=O, 10.17
[H]c1c([H])c(S(=O)(=O)[O-])c([H])c2c1[O-]->[Tm+3]<-[O-]C2=O, 10.20
[H]c1c([H])c(S(=O)(=O)[O-])c([H])c2c1[O-]->[Pr+3]<-[O-]C2=O, 9.23
[H]c1c([H])c(S(=O)(=O)[O-])c([H])c2c1[O-]->[Ca+2]<-[O-]C2=O, 4.42
[H]c1c([H])c(S(=O)(=O)[O-])c([H])c2c1[O-]->[Be+2]<-[O-]C2=O, 12.95
[H]c1c([H])c(S(=O)(=O)[O-])c([H])c2c1[O-]->[U+2]<-[O-]C2=O, 12.43
[H]c1c([H])c(S(=O)(=O)[O-])c([H])c2c1[O-]->[Cd+2]<-[O-]C2=O, 6.00
[H]c1c([H])c(S(=O)(=O)[O-])c([H])c2c1[O-]->[Yb+3]<-[O-]C2=O, 10.22
[H]c1c([H])c(S(=O)(=O)[O-])c([H])c2c1[O-]->[Sm+3]<-[O-]C2=O, 9.73
[H]c1c([H])c(S(=O)(=O)[O-])c([H])c2c1[O-]->[Lu+3]<-[O-]C2=O, 10.27
[H]c1c([H])c([H])n2->[Cd+2]<-n3c([H])c([H])n([H])c3-c2c1[H], 4.64
[H]c1c([H])c([H])n2->[Zn+2]<-n3c([H])c([H])n([H])c3-c2c1[H], 4.58
[H]c1c([H])c([H])n2->[Hg+2]<-n3c([H])c([H])n([H])c3-c2c1[H], 10.07
[H]c1c([H])c([H])n2->[Ni+2]<-n3c([H])c([H])n([H])c3-c2c1[H], 6.23
[H]c1c([H])c([H])n2->[Cu+2]<-n3c([H])c([H])n([H])c3-c2c1[H], 8.00
[H]c1c([H])c([H])n2->[Co+2]<-n3c([H])c([H])n([H])c3-c2c1[H], 5.34
[H]c1c([H])c([H])n2->[Fe+2]<-n3c([H])c([H])n([H])c3-c2c1[H], 4.10
[H]C1=C([H])C2=O->[Sm+3]<-[O-]C2=C(C([H])([H])[H])O1, 7.18
[H]C1=C([H])C2=O->[Y+3]<-[O-]C2=C(C([H])([H])[H])O1, 7.08
[H]C1=C([H])C2=O->[Pr+3]<-[O-]C2=C(C([H])([H])[H])O1, 6.53
[H]C1=C([H])C2=O->[Nd+3]<-[O-]C2=C(C([H])([H])[H])O1, 6.68
[H]C1=C([H])C2=O->[Gd+3]<-[O-]C2=C(C([H])([H])[H])O1, 6.97
[H]C1=C([H])C2=O->[Cu+2]<-[O-]C2=C(C([H])([H])[H])O1, 8.33
[H]C1=C([H])C2=O->[Dy+3]<-[O-]C2=C(C([H])([H])[H])O1, 7.32
[H]C1=C([H])C2=O->[Be+2]<-[O-]C2=C(C([H])([H])[H])O1, 6.37
[H]C1=C([H])C2=O->[Fe+3]<-[O-]C2=C(C([H])([H])[H])O1, 12.17
[H]C1=C([H])C2=O->[Al+3]<-[O-]C2=C(C([H])([H])[H])O1, 8.79
[H]C1=C([H])C2=O->[La+3]<-[O-]C2=C(C([H])([H])[H])O1, 6.16
[H]C1=C([H])C2=O->[Yb+3]<-[O-]C2=C(C([H])([H])[H])O1, 7.73
[H]C1=C([H])C2=O->[Eu+3]<-[O-]C2=C(C([H])([H])[H])O1, 7.39
[H]C1=C([H])C2=O->[Er+3]<-[O-]C2=C(C([H])([H])[H])O1, 7.63
[H]C1=C([H])C2=O->[Zn+2]<-[O-]C2=C(C([H])([H])[H])O1, 6.15
[H]C1=C([H])C2=O->[U+2]<-[O-]C2=C(C([H])([H])[H])O1, 8.69
[H]C1=C([H])C2=O->[Ni+2]<-[O-]C2=C(C([H])([H])[H])O1, 6.05
[H]C1=C([H])C2=O->[V+2]<-[O-]C2=C(C([H])([H])[H])O1, 8.28
[H]C1([H])C(=O)[O-]->[Cr+2]<-N1([H])[H], 4.82
[H]C1([H])C(=O)[O-]->[La+3]<-N1([H])[H], 3.84
[H]C1([H])C(=O)[O-]->[Mg+2]<-N1([H])[H], 2.34
[H]C1([H])C(=O)[O-]->[Ag+]<-N1([H])[H], 3.84
[H]C1([H])C(=O)[O-]->[Co+2]<-N1([H])[H], 5.25
[H]C1([H])C(=O)[O-]->[Fe+2]<-N1([H])[H], 4.42
[H]C1([H])C(=O)[O-]->[Ga+3]<-N1([H])[H], 10.00
[H]C1([H])C(=O)[O-]->[Sc+3]<-N1([H])[H], 8.18
[H]C1([H])C(=O)[O-]->[In+3]<-N1([H])[H], 8.91
[H]C1([H])C(=O)[O-]->[Th+4]<-N1([H])[H], 10.38
[H]C1([H])C(=O)[O-]->[Ca+2]<-N1([H])[H], 1.42
[H]C1([H])C(=O)[O-]->[Cr+3]<-N1([H])[H], 9.21
[H]C1([H])C(=O)[O-]->[Sr+2]<-N1([H])[H], 0.93
[H]C1([H])C(=O)[O-]->[V+2]<-N1([H])[H], 6.66
[H]C1([H])C(=O)[O-]->[Cd+2]<-N1([H])[H], 4.69
[H]C1([H])C(=O)[O-]->[Pb+2]<-N1([H])[H], 5.49
[H]C1([H])C(=O)[O-]->[Be+2]<-N1([H])[H], 7.19
[H]C1([H])C(=O)[O-]->[Cu+2]<-N1([H])[H], 8.57
[H]C1([H])C(=O)[O-]->[Ni+2]<-N1([H])[H], 6.23
[H]C1([H])C(=O)[O-]->[Zn+2]<-N1([H])[H], 5.54
[H]C1([H])C(=O)[O-]->[U+2]<-N1([H])[H], 8.03
[H]C1([H])C(=O)[O-]->[Mn+2]<-N1([H])[H], 3.19
[H]O1->[Cu+2]<-[O-]C(=O)C12C([H])([H])C([H])([H])C([H])([H])C2([H])[H], 3.25
[H]O1->[Er+3]<-[O-]C(=O)C12C([H])([H])C([H])([H])C([H])([H])C2([H])[H], 3.74
[H]O1->[Lu+3]<-[O-]C(=O)C12C([H])([H])C([H])([H])C([H])([H])C2([H])[H], 3.89
[H]O1->[Ce+3]<-[O-]C(=O)C12C([H])([H])C([H])([H])C([H])([H])C2([H])[H], 3.18
[H]O1->[Nd+3]<-[O-]C(=O)C12C([H])([H])C([H])([H])C([H])([H])C2([H])[H], 3.34
[H]O1->[Ho+3]<-[O-]C(=O)C12C([H])([H])C([H])([H])C([H])([H])C2([H])[H], 3.69
[H]O1->[Pm+3]<-[O-]C(=O)C12C([H])([H])C([H])([H])C([H])([H])C2([H])[H], 3.40
[H]O1->[Cd+2]<-[O-]C(=O)C12C([H])([H])C([H])([H])C([H])([H])C2([H])[H], 1.90
[H]O1->[Pr+3]<-[O-]C(=O)C12C([H])([H])C([H])([H])C([H])([H])C2([H])[H], 3.28
[H]O1->[Co+2]<-[O-]C(=O)C12C([H])([H])C([H])([H])C([H])([H])C2([H])[H], 2.02
[H]O1->[Ni+2]<-[O-]C(=O)C12C([H])([H])C([H])([H])C([H])([H])C2([H])[H], 2.27
[H]O1->[Yb+3]<-[O-]C(=O)C12C([H])([H])C([H])([H])C([H])([H])C2([H])[H], 3.85
[H]O1->[Dy+3]<-[O-]C(=O)C12C([H])([H])C([H])([H])C([H])([H])C2([H])[H], 3.65
[H]O1->[Tm+3]<-[O-]C(=O)C12C([H])([H])C([H])([H])C([H])([H])C2([H])[H], 3.78
[H]O1->[La+3]<-[O-]C(=O)C12C([H])([H])C([H])([H])C([H])([H])C2([H])[H], 3.04
[H]O1->[Sm+3]<-[O-]C(=O)C12C([H])([H])C([H])([H])C([H])([H])C2([H])[H], 3.46
[H]O1->[Tb+3]<-[O-]C(=O)C12C([H])([H])C([H])([H])C([H])([H])C2([H])[H], 3.57
[H]O1->[Eu+3]<-[O-]C(=O)C12C([H])([H])C([H])([H])C([H])([H])C2([H])[H], 3.47
[H]O1->[Zn+2]<-[O-]C(=O)C12C([H])([H])C([H])([H])C([H])([H])C2([H])[H], 2.34
[H]O1->[Y+3]<-[O-]C(=O)C12C([H])([H])C([H])([H])C([H])([H])C2([H])[H], 3.67
[H]O1->[Gd+3]<-[O-]C(=O)C12C([H])([H])C([H])([H])C([H])([H])C2([H])[H], 3.51
[H]C([H])([H])C1(C([H])([H])[H])C(=O)[O-]->[Hg+2]<-N1([H])[H], 9.49
[H]C([H])([H])C1(C([H])([H])[H])C(=O)[O-]->[Cd+2]<-N1([H])[H], 4.16
[H]C([H])([H])C1(C([H])([H])[H])C(=O)[O-]->[Co+2]<-N1([H])[H], 4.55
[H]C([H])([H])C1(C([H])([H])[H])C(=O)[O-]->[Cu+2]<-N1([H])[H], 8.71
[H]C([H])([H])C1(C([H])([H])[H])C(=O)[O-]->[Fe+3]<-N1([H])[H], 11.22
[H]C([H])([H])C1(C([H])([H])[H])C(=O)[O-]->[Ni+2]<-N1([H])[H], 5.71
[H]C([H])([H])C1(C([H])([H])[H])C(=O)[O-]->[Fe+2]<-N1([H])[H], 4.09
[H]C([H])([H])C1(C([H])([H])[H])C(=O)[O-]->[U+2]<-N1([H])[H], 8.17
[H]C([H])([H])C1(C([H])([H])[H])C(=O)[O-]->[Zn+2]<-N1([H])[H], 5.11
[H]C([H])([H])C1([H])C(=O)[O-]->[Cd+2]<-N1([H])[H], 4.80
[H]C([H])([H])C1([H])C(=O)[O-]->[Be+2]<-N1([H])[H], 7.30
[H]C([H])([H])C1([H])C(=O)[O-]->[Pb+2]<-N1([H])[H], 4.86
[H]C([H])([H])C1([H])C(=O)[O-]->[Fe+2]<-N1([H])[H], 3.64
[H]C([H])([H])C1([H])C(=O)[O-]->[Mg+2]<-N1([H])[H], 1.96
[H]C([H])([H])C1([H])C(=O)[O-]->[Ca+2]<-N1([H])[H], 1.30
[H]C([H])([H])C1([H])C(=O)[O-]->[Sc+3]<-N1([H])[H], 8.37
[H]C([H])([H])C1([H])C(=O)[O-]->[Fe+3]<-N1([H])[H], 11.29
[H]C([H])([H])C1([H])C(=O)[O-]->[Cu+2]<-N1([H])[H], 8.56
[H]C([H])([H])C1([H])C(=O)[O-]->[U+2]<-N1([H])[H], 8.26
[H]C([H])([H])C1([H])C(=O)[O-]->[Th+4]<-N1([H])[H], 9.84
[H]C([H])([H])C1([H])C(=O)[O-]->[Sr+2]<-N1([H])[H], 0.73
[H]C([H])([H])C1([H])C(=O)[O-]->[Mn+2]<-N1([H])[H], 3.05
[H]C([H])([H])C1([H])C(=O)[O-]->[La+3]<-N1([H])[H], 4.45
[H]C([H])([H])C1([H])C(=O)[O-]->[Cr+3]<-N1([H])[H], 9.71
[H]C([H])([H])C1([H])C(=O)[O-]->[Ag+]<-N1([H])[H], 4.19
[H]C([H])([H])C1([H])C(=O)[O-]->[Zn+2]<-N1([H])[H], 5.34
[H]C([H])([H])C1([H])C(=O)[O-]->[Co+2]<-N1([H])[H], 4.98
[H]C([H])([H])C1([H])C(=O)[O-]->[In+3]<-N1([H])[H], 9.18
[H]C([H])([H])C1([H])C(=O)[O-]->[Y+3]<-N1([H])[H], 5.88
[H]C([H])([H])C1([H])C(=O)[O-]->[Ni+2]<-N1([H])[H], 5.98
[H]C1=C(C([H])([H])[H])C(=O)[O-]->[Er+3]<-[O-]C1=O, 5.24
[H]C1=C(C([H])([H])[H])C(=O)[O-]->[La+3]<-[O-]C1=O, 5.06
[H]C1=C(C([H])([H])[H])C(=O)[O-]->[Ho+3]<-[O-]C1=O, 5.26
[H]C1=C(C([H])([H])[H])C(=O)[O-]->[Nd+3]<-[O-]C1=O, 5.23
[H]C1=C(C([H])([H])[H])C(=O)[O-]->[Pr+3]<-[O-]C1=O, 5.23
[H]C1=C(C([H])([H])[H])C(=O)[O-]->[V+2]<-[O-]C1=O, 7.23
[H]C1=C(C([H])([H])[H])C(=O)[O-]->[Yb+3]<-[O-]C1=O, 5.29
[H]C1=C(C([H])([H])[H])C(=O)[O-]->[Sm+3]<-[O-]C1=O, 5.31
[H]C1=C(C([H])([H])[H])C(=O)[O-]->[Ni+2]<-[O-]C1=O, 2.70
[H]C1=C(C([H])([H])[H])C(=O)[O-]->[Cu+2]<-[O-]C1=O, 4.30
[H]C1=C(C([H])([H])[H])C(=O)[O-]->[Tb+3]<-[O-]C1=O, 5.33
[H]C1=C(C([H])([H])[H])C(=O)[O-]->[Sr+2]<-[O-]C1=O, 2.34
[H]C1=C(C([H])([H])[H])C(=O)[O-]->[Tm+3]<-[O-]C1=O, 5.26
[H]C1=C(C([H])([H])[H])C(=O)[O-]->[Ce+3]<-[O-]C1=O, 5.16
[H]C1=C(C([H])([H])[H])C(=O)[O-]->[Eu+3]<-[O-]C1=O, 5.34
[H]C1=C(C([H])([H])[H])C(=O)[O-]->[Gd+3]<-[O-]C1=O, 5.35
[H]C1=C(C([H])([H])[H])C(=O)[O-]->[Pb+2]<-[O-]C1=O, 4.20
[H]C1=C(C([H])([H])[H])C(=O)[O-]->[Y+3]<-[O-]C1=O, 5.17
[H]C1=C(C([H])([H])[H])C(=O)[O-]->[Lu+3]<-[O-]C1=O, 5.31
[H]C1=C(C([H])([H])[H])C(=O)[O-]->[Dy+3]<-[O-]C1=O, 5.28
[H]C1=C(C([H])([H])[H])C(=O)[O-]->[Sc+3]<-[O-]C1=O, 6.99
[H]C1=C(C([H])([H])[H])C(=O)[O-]->[Mn+2]<-[O-]C1=O, 2.81
[H]C1=C(C([H])([H])[H])C(=O)[O-]->[Ca+2]<-[O-]C1=O, 2.34
[H]C1=C(C([H])([H])[H])C(=O)[O-]->[Zn+2]<-[O-]C1=O, 2.70
[H]C1=C(C([H])([H])[H])C(=O)[O-]->[Cd+2]<-[O-]C1=O, 3.10
[H]/C(C(=O)[O-])=C(/[H])C(=O)[O-]->[Lu+3], 3.99
[H]/C(C(=O)[O-])=C(/[H])C(=O)[O-]->[Yb+3], 3.94
[H]/C(C(=O)[O-])=C(/[H])C(=O)[O-]->[Tm+3], 3.98
[H]/C(C(=O)[O-])=C(/[H])C(=O)[O-]->[Cu+2], 2.51
[H]/C(C(=O)[O-])=C(/[H])C(=O)[O-]->[Ce+3], 3.26
[H]/C(C(=O)[O-])=C(/[H])C(=O)[O-]->[Dy+3], 4.00
[H]/C(C(=O)[O-])=C(/[H])C(=O)[O-]->[Tb+3], 4.02
[H]/C(C(=O)[O-])=C(/[H])C(=O)[O-]->[Mn+2], 2.03
[H]/C(C(=O)[O-])=C(/[H])C(=O)[O-]->[La+3], 3.96
[H]/C(C(=O)[O-])=C(/[H])C(=O)[O-]->[Er+3], 3.98
[H]/C(C(=O)[O-])=C(/[H])C(=O)[O-]->[Nd+3], 4.00
[H]/C(C(=O)[O-])=C(/[H])C(=O)[O-]->[Ho+3], 4.01
[H]/C(C(=O)[O-])=C(/[H])C(=O)[O-]->[Cr+3], 7.24
[H]/C(C(=O)[O-])=C(/[H])C(=O)[O-]->[Eu+3], 3.98
[H]/C(C(=O)[O-])=C(/[H])C(=O)[O-]->[Sm+3], 4.18
[H]/C(C(=O)[O-])=C(/[H])C(=O)[O-]->[In+3], 3.04
[H]/C(C(=O)[O-])=C(/[H])C(=O)[O-]->[Pr+3], 4.08
[H]/C(C(=O)[O-])=C(/[H])C(=O)[O-]->[U+2], 4.16
[H]/C(C(=O)[O-])=C(/[H])C(=O)[O-]->[Gd+3], 4.09
[H]c1c([H])c([H])n2->[Co+2]<-[O-]C(=O)C([H])([H])c2c1[H], 3.38
[H]c1c([H])c([H])n2->[Ni+2]<-[O-]C(=O)C([H])([H])c2c1[H], 4.19
[H]c1c([H])c([H])n2->[Hg+2]<-[O-]C(=O)C([H])([H])c2c1[H], 7.29
[H]c1c([H])c([H])n2->[Cd+2]<-[O-]C(=O)C([H])([H])c2c1[H], 2.71
[H]c1c([H])c([H])n2->[Cu+2]<-[O-]C(=O)C([H])([H])c2c1[H], 6.15
[H]c1c([H])c([H])n2->[Zn+2]<-[O-]C(=O)C([H])([H])c2c1[H], 2.80
[H]C([H])([H])N1([H])->[Fe+3]<-[O-]C(=O)C1([H])[H], 10.62
[H]C([H])([H])N1([H])->[Zn+2]<-[O-]C(=O)C1([H])[H], 4.97
[H]C([H])([H])N1([H])->[Pb+2]<-[O-]C(=O)C1([H])[H], 4.82
[H]C([H])([H])N1([H])->[Cd+2]<-[O-]C(=O)C1([H])[H], 4.04
[H]C([H])([H])N1([H])->[Ni+2]<-[O-]C(=O)C1([H])[H], 5.83
[H]C([H])([H])N1([H])->[Fe+2]<-[O-]C(=O)C1([H])[H], 4.13
[H]C([H])([H])N1([H])->[Co+2]<-[O-]C(=O)C1([H])[H], 4.52
[H]C([H])([H])N1([H])->[Ag+]<-[O-]C(=O)C1([H])[H], 3.30
[H]C([H])([H])N1([H])->[Cu+2]<-[O-]C(=O)C1([H])[H], 8.27
[H]C([H])(C(=O)[O-])C([H])([H])C(=O)[O-]->[Eu+3], 4.25
[H]C([H])(C(=O)[O-])C([H])([H])C(=O)[O-]->[Li+], 1.11
[H]C([H])(C(=O)[O-])C([H])([H])C(=O)[O-]->[Er+3], 4.67
[H]C([H])(C(=O)[O-])C([H])([H])C(=O)[O-]->[Mg+2], 2.29
[H]C([H])(C(=O)[O-])C([H])([H])C(=O)[O-]->[Sc+3], 5.02
[H]C([H])(C(=O)[O-])C([H])([H])C(=O)[O-]->[Nd+3], 4.28
[H]C([H])(C(=O)[O-])C([H])([H])C(=O)[O-]->[U+2], 5.11
[H]C([H])(C(=O)[O-])C([H])([H])C(=O)[O-]->[Zn+2], 2.96
[H]C([H])(C(=O)[O-])C([H])([H])C(=O)[O-]->[Fe+3], 9.02
[H]C([H])(C(=O)[O-])C([H])([H])C(=O)[O-]->[Th+4], 8.79
[H]C([H])(C(=O)[O-])C([H])([H])C(=O)[O-]->[Ni+2], 2.57
[H]C([H])(C(=O)[O-])C([H])([H])C(=O)[O-]->[Cu+2], 3.66
[H]C([H])(C(=O)[O-])C([H])([H])C(=O)[O-]->[Ce+3], 4.02
[H]C([H])(C(=O)[O-])C([H])([H])C(=O)[O-]->[Al+3], 5.36
[H]C([H])(C(=O)[O-])C([H])([H])C(=O)[O-]->[V+2], 4.43
[H]C([H])(C(=O)[O-])C([H])([H])C(=O)[O-]->[Pb+2], 3.77
[H]C([H])(C(=O)[O-])C([H])([H])C(=O)[O-]->[Lu+3], 4.21
[H]C([H])(C(=O)[O-])C([H])([H])C(=O)[O-]->[La+3], 4.44
[H]C([H])(C(=O)[O-])C([H])([H])C(=O)[O-]->[Dy+3], 4.68
[H]C([H])(C(=O)[O-])C([H])([H])C(=O)[O-]->[Co+2], 2.53
[H]C([H])(C(=O)[O-])C([H])([H])C(=O)[O-]->[Ca+2], 2.19
[H]C([H])(C(=O)[O-])C([H])([H])C(=O)[O-]->[Mn+2], 2.28
[H]C([H])(C(=O)[O-])C([H])([H])C(=O)[O-]->[Ba+2], 2.15
[H]C([H])(C(=O)[O-])C([H])([H])C(=O)[O-]->[Gd+3], 4.85
[H]C([H])(C(=O)[O-])C([H])([H])C(=O)[O-]->[Pu+2], 4.31
[H]C([H])(C(=O)[O-])C([H])([H])C(=O)[O-]->[Fe+2], 2.44
[H]C([H])(C(=O)[O-])C([H])([H])C(=O)[O-]->[Sr+2], 2.13
[H]C([H])(C(=O)[O-])C([H])([H])C(=O)[O-]->[Pd+2], 5.25
[H]C([H])(C(=O)[O-])C([H])([H])C(=O)[O-]->[Be+2], 4.11
[H]C([H])(C(=O)[O-])C([H])([H])C(=O)[O-]->[Cd+2], 2.77
[H]C([H])([H])C([H])([H])C(=O)[O-]->[V+2], 2.52
[H]C([H])([H])C([H])([H])C(=O)[O-]->[Zn+2], 1.51
[H]C([H])([H])C([H])([H])C(=O)[O-]->[Pd+2], 4.93
[H]C([H])([H])C([H])([H])C(=O)[O-]->[Er+3], 2.61
[H]C([H])([H])C([H])([H])C(=O)[O-]->[Ce+3], 2.79
[H]C([H])([H])C([H])([H])C(=O)[O-]->[Mg+2], 1.05
[H]C([H])([H])C([H])([H])C(=O)[O-]->[Mn+2], 1.92
[H]C([H])([H])C([H])([H])C(=O)[O-]->[Th+4], 5.16
[H]C([H])([H])C([H])([H])C(=O)[O-]->[Tm+3], 2.58
[H]C([H])([H])C([H])([H])C(=O)[O-]->[Y+3], 2.55
[H]C([H])([H])C([H])([H])C(=O)[O-]->[Hg+2], 4.53
[H]C([H])([H])C([H])([H])C(=O)[O-]->[Ba+2], 0.78
[H]C([H])([H])C([H])([H])C(=O)[O-]->[Pr+3], 2.79
[H]C([H])([H])C([H])([H])C(=O)[O-]->[Nd+3], 2.87
[H]C([H])([H])C([H])([H])C(=O)[O-]->[Ho+3], 2.63
[H]C([H])([H])C([H])([H])C(=O)[O-]->[Al+3], 2.66
[H]C([H])([H])C([H])([H])C(=O)[O-]->[Sr+2], 0.98
[H]C([H])([H])C([H])([H])C(=O)[O-]->[Sm+3], 2.89
[H]C([H])([H])C([H])([H])C(=O)[O-]->[Cu+2], 2.47
[H]C([H])([H])C([H])([H])C(=O)[O-]->[Be+2], 1.60
[H]C([H])([H])C([H])([H])C(=O)[O-]->[Pb+2], 2.49
[H]C([H])([H])C([H])([H])C(=O)[O-]->[Fe+3], 4.37
[H]C([H])([H])C([H])([H])C(=O)[O-]->[Tb+3], 2.67
[H]C([H])([H])C([H])([H])C(=O)[O-]->[Gd+3], 2.76
[H]C([H])([H])C([H])([H])C(=O)[O-]->[La+3], 2.55
[H]C([H])([H])C([H])([H])C(=O)[O-]->[Lu+3], 2.67
[H]C([H])([H])C([H])([H])C(=O)[O-]->[Ni+2], 1.46
[H]C([H])([H])C([H])([H])C(=O)[O-]->[Yb+3], 2.60
[H]C([H])([H])C([H])([H])C(=O)[O-]->[Co+2], 1.60
[H]C([H])([H])C([H])([H])C(=O)[O-]->[Ca+2], 1.00
[H]C([H])([H])C([H])([H])C(=O)[O-]->[U+2], 3.37
[H]C([H])([H])C([H])([H])C(=O)[O-]->[Cr+3], 5.60
[H]C([H])([H])C([H])([H])C(=O)[O-]->[Eu+3], 2.90
[H]C([H])([H])C([H])([H])C(=O)[O-]->[Dy+3], 2.60
[H]C([H])([H])C([H])([H])C(=O)[O-]->[Sc+3], 4.44
[H]C([H])([H])C1(C([H])([H])[H])C(=O)[O-]->[Eu+3]<-[O-]C1=O, 5.46
[H]C([H])([H])C1(C([H])([H])[H])C(=O)[O-]->[Co+2]<-[O-]C1=O, 2.80
[H]C([H])([H])C1(C([H])([H])[H])C(=O)[O-]->[Tm+3]<-[O-]C1=O, 5.53
[H]C([H])([H])C1(C([H])([H])[H])C(=O)[O-]->[Sm+3]<-[O-]C1=O, 5.39
[H]C([H])([H])C1(C([H])([H])[H])C(=O)[O-]->[Ni+2]<-[O-]C1=O, 2.85
[H]C([H])([H])C1(C([H])([H])[H])C(=O)[O-]->[U+2]<-[O-]C1=O, 6.83
[H]C([H])([H])C1(C([H])([H])[H])C(=O)[O-]->[Gd+3]<-[O-]C1=O, 5.46
[H]C([H])([H])C1(C([H])([H])[H])C(=O)[O-]->[Yb+3]<-[O-]C1=O, 5.56
[H]C([H])([H])C1(C([H])([H])[H])C(=O)[O-]->[Mg+2]<-[O-]C1=O, 2.45
[H]C([H])([H])C1(C([H])([H])[H])C(=O)[O-]->[Ce+3]<-[O-]C1=O, 4.98
[H]C([H])([H])C1(C([H])([H])[H])C(=O)[O-]->[Sr+2]<-[O-]C1=O, 2.23
[H]C([H])([H])C1(C([H])([H])[H])C(=O)[O-]->[Pr+3]<-[O-]C1=O, 5.14
[H]C([H])([H])C1(C([H])([H])[H])C(=O)[O-]->[Tb+3]<-[O-]C1=O, 5.55
[H]C([H])([H])C1(C([H])([H])[H])C(=O)[O-]->[Dy+3]<-[O-]C1=O, 5.58
[H]C([H])([H])C1(C([H])([H])[H])C(=O)[O-]->[Lu+3]<-[O-]C1=O, 5.52
[H]C([H])([H])C1(C([H])([H])[H])C(=O)[O-]->[Ca+2]<-[O-]C1=O, 2.42
[H]C([H])([H])C1(C([H])([H])[H])C(=O)[O-]->[Y+3]<-[O-]C1=O, 5.44
[H]C([H])([H])C1(C([H])([H])[H])C(=O)[O-]->[Nd+3]<-[O-]C1=O, 5.20
[H]C([H])([H])C1(C([H])([H])[H])C(=O)[O-]->[Fe+3]<-[O-]C1=O, 9.08
[H]C([H])([H])C1(C([H])([H])[H])C(=O)[O-]->[La+3]<-[O-]C1=O, 4.84
[H]C([H])([H])C1(C([H])([H])[H])C(=O)[O-]->[Zn+2]<-[O-]C1=O, 3.02
[H]C([H])([H])C1(C([H])([H])[H])C(=O)[O-]->[Cu+2]<-[O-]C1=O, 5.38
[H]C([H])([H])C1(C([H])([H])[H])C(=O)[O-]->[Ba+2]<-[O-]C1=O, 2.25
[H]C([H])([H])C1(C([H])([H])[H])C(=O)[O-]->[Ho+3]<-[O-]C1=O, 5.53
[H]C([H])([H])C1(C([H])([H])[H])C(=O)[O-]->[Cd+2]<-[O-]C1=O, 3.44
[H]C([H])([H])C1(C([H])([H])[H])C(=O)[O-]->[Er+3]<-[O-]C1=O, 5.53
[H]C([H])([H])C1(C([H])([H])[H])C(=O)[O-]->[Be+2]<-[O-]C1=O, 6.31
[H]c1c([H])c(C([H])([H])[H])n2->[Mn+2]<-N([H])([H])C([H])([H])c2c1[H], 1.95
[H]c1c([H])c(C([H])([H])[H])n2->[Ni+2]<-N([H])([H])C([H])([H])c2c1[H], 5.15
[H]c1c([H])c(C([H])([H])[H])n2->[Cd+2]<-N([H])([H])C([H])([H])c2c1[H], 4.35
[H]c1c([H])c(C([H])([H])[H])n2->[Cu+2]<-N([H])([H])C([H])([H])c2c1[H], 7.35
[H]c1c([H])c(C([H])([H])[H])n2->[Ag+]<-N([H])([H])C([H])([H])c2c1[H], 4.40
[H]c1c([H])c(C([H])([H])[H])n2->[Zn+2]<-N([H])([H])C([H])([H])c2c1[H], 4.00
[H]c1c([H])c(C([H])([H])[H])n2->[Co+2]<-N([H])([H])C([H])([H])c2c1[H], 3.82
[H]C1([H])C([H])([H])C([H])([H])C2(C(=O)[O-]->[Zn+2]<-[O-]C2=O)C1([H])[H], 3.28
[H]C1([H])C([H])([H])C([H])([H])C2(C(=O)[O-]->[Dy+3]<-[O-]C2=O)C1([H])[H], 5.64
[H]C1([H])C([H])([H])C([H])([H])C2(C(=O)[O-]->[Yb+3]<-[O-]C2=O)C1([H])[H], 5.61
[H]C1([H])C([H])([H])C([H])([H])C2(C(=O)[O-]->[Co+2]<-[O-]C2=O)C1([H])[H], 2.82
[H]C1([H])C([H])([H])C([H])([H])C2(C(=O)[O-]->[Ho+3]<-[O-]C2=O)C1([H])[H], 5.60
[H]C1([H])C([H])([H])C([H])([H])C2(C(=O)[O-]->[Tm+3]<-[O-]C2=O)C1([H])[H], 5.60
[H]C1([H])C([H])([H])C([H])([H])C2(C(=O)[O-]->[Er+3]<-[O-]C2=O)C1([H])[H], 5.59
[H]C1([H])C([H])([H])C([H])([H])C2(C(=O)[O-]->[Lu+3]<-[O-]C2=O)C1([H])[H], 5.57
[H]C1([H])C([H])([H])C([H])([H])C2(C(=O)[O-]->[Fe+3]<-[O-]C2=O)C1([H])[H], 9.54
[H]C1([H])C([H])([H])C([H])([H])C2(C(=O)[O-]->[Ni+2]<-[O-]C2=O)C1([H])[H], 2.98
[H]C1([H])C([H])([H])C([H])([H])C2(C(=O)[O-]->[Gd+3]<-[O-]C2=O)C1([H])[H], 5.53
[H]C1([H])C([H])([H])C([H])([H])C2(C(=O)[O-]->[Eu+3]<-[O-]C2=O)C1([H])[H], 5.52
[H]C1([H])C([H])([H])C([H])([H])C2(C(=O)[O-]->[Cu+2]<-[O-]C2=O)C1([H])[H], 5.52
[H]C1([H])C([H])([H])C([H])([H])C2(C(=O)[O-]->[Tb+3]<-[O-]C2=O)C1([H])[H], 5.61
[H]C([H])([H])C([H])(C([H])([H])[H])C1([H])C(=O)[O-]->[Ni+2]<-N1([H])[H], 5.93
[H]C([H])([H])C([H])(C([H])([H])[H])C1([H])C(=O)[O-]->[Fe+2]<-N1([H])[H], 4.00
[H]C([H])([H])C([H])(C([H])([H])[H])C1([H])C(=O)[O-]->[Y+3]<-N1([H])[H], 5.46
[H]C([H])([H])C([H])(C([H])([H])[H])C1([H])C(=O)[O-]->[Mg+2]<-N1([H])[H], 2.07
[H]C([H])([H])C([H])(C([H])([H])[H])C1([H])C(=O)[O-]->[Fe+3]<-N1([H])[H], 10.72
[H]C([H])([H])C([H])(C([H])([H])[H])C1([H])C(=O)[O-]->[V+2]<-N1([H])[H], 7.37
[H]C([H])([H])C([H])(C([H])([H])[H])C1([H])C(=O)[O-]->[Pd+2]<-N1([H])[H], 10.26
[H]C([H])([H])C([H])(C([H])([H])[H])C1([H])C(=O)[O-]->[U+2]<-N1([H])[H], 7.99
[H]C([H])([H])C([H])(C([H])([H])[H])C1([H])C(=O)[O-]->[Ga+3]<-N1([H])[H], 9.69
[H]C([H])([H])C([H])(C([H])([H])[H])C1([H])C(=O)[O-]->[Th+4]<-N1([H])[H], 9.65
[H]C([H])([H])C([H])(C([H])([H])[H])C1([H])C(=O)[O-]->[Cr+3]<-N1([H])[H], 9.42
[H]C([H])([H])C([H])(C([H])([H])[H])C1([H])C(=O)[O-]->[Cu+2]<-N1([H])[H], 8.56
[H]C([H])([H])C([H])(C([H])([H])[H])C1([H])C(=O)[O-]->[Be+2]<-N1([H])[H], 7.15
[H]C([H])([H])C([H])(C([H])([H])[H])C1([H])C(=O)[O-]->[Zn+2]<-N1([H])[H], 5.10
[H]C([H])([H])C([H])(C([H])([H])[H])C1([H])C(=O)[O-]->[Mn+2]<-N1([H])[H], 3.16
[H]C([H])([H])C([H])(C([H])([H])[H])C1([H])C(=O)[O-]->[La+3]<-N1([H])[H], 4.40
[H]C([H])([H])C([H])(C([H])([H])[H])C1([H])C(=O)[O-]->[Al+3]<-N1([H])[H], 6.50
[H]C([H])([H])C([H])(C([H])([H])[H])C1([H])C(=O)[O-]->[Pb+2]<-N1([H])[H], 5.11
[H]C([H])([H])C([H])(C([H])([H])[H])C1([H])C(=O)[O-]->[Cd+2]<-N1([H])[H], 4.38
[H]C([H])([H])C([H])(C([H])([H])[H])C1([H])C(=O)[O-]->[In+3]<-N1([H])[H], 8.65
[H]C([H])([H])C([H])(C([H])([H])[H])C1([H])C(=O)[O-]->[Ag+]<-N1([H])[H], 3.77
[H]C([H])([H])C([H])(C([H])([H])[H])C1([H])C(=O)[O-]->[Co+2]<-N1([H])[H], 5.03
[H]OC([H])([H])C([H])([H])C(=O)[O-]->[Co+2], 1.56
[H]OC([H])([H])C([H])([H])C(=O)[O-]->[Er+3], 2.51
[H]OC([H])([H])C([H])([H])C(=O)[O-]->[Ho+3], 2.60
[H]OC([H])([H])C([H])([H])C(=O)[O-]->[Cu+2], 2.73
[H]OC([H])([H])C([H])([H])C(=O)[O-]->[Eu+3], 2.75
[H]OC([H])([H])C([H])([H])C(=O)[O-]->[Tb+3], 2.66
[H]OC([H])([H])C([H])([H])C(=O)[O-]->[Gd+3], 2.52
[H]OC([H])([H])C([H])([H])C(=O)[O-]->[Pb+2], 2.56
[H]OC([H])([H])C([H])([H])C(=O)[O-]->[Ni+2], 1.70
[H]OC([H])([H])C([H])([H])C(=O)[O-]->[Pr+3], 2.72
[H]OC([H])([H])C([H])([H])C(=O)[O-]->[U+2], 3.46
[H]OC([H])([H])C([H])([H])C(=O)[O-]->[In+3], 4.42
[H]OC([H])([H])C([H])([H])C(=O)[O-]->[Ce+3], 2.74
[H]OC([H])([H])C([H])([H])C(=O)[O-]->[Nd+3], 2.90
[H]OC([H])([H])C([H])([H])C(=O)[O-]->[Tm+3], 2.63
[H]OC([H])([H])C([H])([H])C(=O)[O-]->[Sm+3], 2.90
[H]OC([H])([H])C([H])([H])C(=O)[O-]->[Dy+3], 2.70
[H]OC([H])([H])C([H])([H])C(=O)[O-]->[La+3], 2.58
[H]OC([H])([H])C([H])([H])C(=O)[O-]->[Lu+3], 2.64
[H]OC([H])([H])C([H])([H])C(=O)[O-]->[Yb+3], 2.66
[H]C([H])([H])C([H])([H])C([H])([H])C(=O)[O-]->[Ca+2], 0.76
[H]C([H])([H])C([H])([H])C([H])([H])C(=O)[O-]->[Sr+2], 0.53
[H]C([H])([H])C([H])([H])C([H])([H])C(=O)[O-]->[V+2], 2.53
[H]C([H])([H])C([H])([H])C([H])([H])C(=O)[O-]->[Th+4], 5.12
[H]C([H])([H])C([H])([H])C([H])([H])C(=O)[O-]->[U+2], 3.32
[H]C([H])([H])C([H])([H])C([H])([H])C(=O)[O-]->[Mg+2], 1.00
[H]C([H])([H])C([H])([H])C([H])([H])C(=O)[O-]->[Al+3], 2.50
[H]C([H])([H])C([H])([H])C([H])([H])C(=O)[O-]->[Cu+2], 2.39
[H]C([H])([H])C([H])([H])C([H])([H])C(=O)[O-]->[Pb+2], 2.75
[H]C([H])([H])C([H])([H])C([H])([H])C(=O)[O-]->[Hg+2], 4.18
[H]C([H])([H])C([H])([H])C([H])([H])C(=O)[O-]->[Ba+2], 0.74
[H]C([H])([H])C([H])([H])C([H])([H])C(=O)[O-]->[Zn+2], 1.55
[H]C([H])([H])C([H])([H])C([H])([H])C(=O)[O-]->[Ni+2], 1.69
[H]C([H])([H])C([H])([H])C([H])([H])C(=O)[O-]->[Nd+3], 2.71
[H]C([H])([H])C([H])([H])C([H])([H])C(=O)[O-]->[Pd+2], 4.99
[H]c1c([H])n2->[Be+2]<-N([H])([H])C([H])([H])C([H])([H])c2n1[H], 7.12
[H]c1c([H])n2->[Co+2]<-N([H])([H])C([H])([H])C([H])([H])c2n1[H], 5.25
[H]c1c([H])n2->[Ni+2]<-N([H])([H])C([H])([H])C([H])([H])c2n1[H], 6.79
[H]c1c([H])n2->[Mn+2]<-N([H])([H])C([H])([H])C([H])([H])c2n1[H], 3.07
[H]c1c([H])n2->[Ag+]<-N([H])([H])C([H])([H])C([H])([H])c2n1[H], 4.86
[H]c1c([H])n2->[Cd+2]<-N([H])([H])C([H])([H])C([H])([H])c2n1[H], 4.79
[H]c1c([H])n2->[Fe+2]<-N([H])([H])C([H])([H])C([H])([H])c2n1[H], 5.80
[H]c1c([H])n2->[Cu+2]<-N([H])([H])C([H])([H])C([H])([H])c2n1[H], 9.49
[H]c1c([H])n2->[Zn+2]<-N([H])([H])C([H])([H])C([H])([H])c2n1[H], 5.38
[H]c1c([H])n2->[Mg+2]<-N([H])([H])C([H])([H])C([H])([H])c2n1[H], 5.15
[H]C([H])([H])C([H])([H])C1([H])C(=O)[O-]->[Co+2]<-N1([H])[H], 4.65
[H]C([H])([H])C([H])([H])C1([H])C(=O)[O-]->[La+3]<-N1([H])[H], 4.94
[H]C([H])([H])C([H])([H])C1([H])C(=O)[O-]->[Be+2]<-N1([H])[H], 7.25
[H]C([H])([H])C([H])([H])C1([H])C(=O)[O-]->[Mn+2]<-N1([H])[H], 3.73
[H]C([H])([H])C([H])([H])C1([H])C(=O)[O-]->[Fe+3]<-N1([H])[H], 10.62
[H]C([H])([H])C([H])([H])C1([H])C(=O)[O-]->[Zn+2]<-N1([H])[H], 5.03
[H]C([H])([H])C([H])([H])C1([H])C(=O)[O-]->[Cd+2]<-N1([H])[H], 3.86
[H]C([H])([H])C([H])([H])C1([H])C(=O)[O-]->[U+2]<-N1([H])[H], 6.93
[H]C([H])([H])C([H])([H])C1([H])C(=O)[O-]->[Cr+3]<-N1([H])[H], 5.34
[H]C([H])([H])C([H])([H])C1([H])C(=O)[O-]->[Ni+2]<-N1([H])[H], 5.81
[H]C([H])([H])C([H])([H])C1([H])C(=O)[O-]->[Fe+2]<-N1([H])[H], 3.98
[H]C([H])([H])C([H])([H])C1([H])C(=O)[O-]->[Cu+2]<-N1([H])[H], 8.57
[H]C([H])([H])C([H])([H])C1([H])C(=O)[O-]->[Y+3]<-N1([H])[H], 5.71
[H]C([H])(C(=O)[O-])C([H])([H])C([H])([H])C([H])([H])C([H])([H])C(=O)[O-]->[Mn+2], 2.18
[H]C([H])(C(=O)[O-])C([H])([H])C([H])([H])C([H])([H])C([H])([H])C(=O)[O-]->[Ni+2], 2.10
[H]C([H])(C(=O)[O-])C([H])([H])C([H])([H])C([H])([H])C([H])([H])C(=O)[O-]->[Pb+2], 3.52
[H]C([H])(C(=O)[O-])C([H])([H])C([H])([H])C([H])([H])C([H])([H])C(=O)[O-]->[Zn+2], 2.20
[H]C([H])(C(=O)[O-])C([H])([H])C([H])([H])C([H])([H])C([H])([H])C(=O)[O-]->[Cu+2], 3.11
[H]C([H])(C(=O)[O-])C([H])([H])C([H])([H])C([H])([H])C([H])([H])C(=O)[O-]->[Co+2], 2.40
[H]C([H])(C(=O)[O-])C([H])([H])C([H])([H])C([H])([H])C([H])([H])C(=O)[O-]->[Cd+2], 2.66
[H]C([H])(C(=O)[O-])C([H])([H])C([H])([H])C([H])([H])C([H])([H])C(=O)[O-]->[U+2], 4.96
[H]c1c([H])c2c3c(c([H])c([H])c([H])n3->[Mg+2]<-[O-]2)c1S(=O)(=O)[O-], 4.97
[H]c1c([H])c2c3c(c([H])c([H])c([H])n3->[Nd+3]<-[O-]2)c1S(=O)(=O)[O-], 6.30
[H]c1c([H])c2c3c(c([H])c([H])c([H])n3->[U+2]<-[O-]2)c1S(=O)(=O)[O-], 9.42
[H]c1c([H])c2c3c(c([H])c([H])c([H])n3->[Co+2]<-[O-]2)c1S(=O)(=O)[O-], 9.07
[H]c1c([H])c2c3c(c([H])c([H])c([H])n3->[Be+2]<-[O-]2)c1S(=O)(=O)[O-], 5.46
[H]c1c([H])c2c3c(c([H])c([H])c([H])n3->[Cu+2]<-[O-]2)c1S(=O)(=O)[O-], 12.86
[H]c1c([H])c2c3c(c([H])c([H])c([H])n3->[Ga+3]<-[O-]2)c1S(=O)(=O)[O-], 13.31
[H]c1c([H])c2c3c(c([H])c([H])c([H])n3->[Zn+2]<-[O-]2)c1S(=O)(=O)[O-], 8.70
[H]c1c([H])c2c3c(c([H])c([H])c([H])n3->[Fe+2]<-[O-]2)c1S(=O)(=O)[O-], 8.76
[H]c1c([H])c2c3c(c([H])c([H])c([H])n3->[Cd+2]<-[O-]2)c1S(=O)(=O)[O-], 7.83
[H]c1c([H])c2c3c(c([H])c([H])c([H])n3->[Fe+3]<-[O-]2)c1S(=O)(=O)[O-], 12.74
[H]c1c([H])c2c3c(c([H])c([H])c([H])n3->[Mn+2]<-[O-]2)c1S(=O)(=O)[O-], 6.79
[H]c1c([H])c2c3c(c([H])c([H])c([H])n3->[Th+4]<-[O-]2)c1S(=O)(=O)[O-], 11.09
[H]c1c([H])c2c3c(c([H])c([H])c([H])n3->[Al+3]<-[O-]2)c1S(=O)(=O)[O-], 9.69
[H]c1c([H])c2c3c(c([H])c([H])c([H])n3->[Pb+2]<-[O-]2)c1S(=O)(=O)[O-], 8.60
[H]c1c([H])c2c3c(c([H])c([H])c([H])n3->[Sm+3]<-[O-]2)c1S(=O)(=O)[O-], 6.58
[H]c1c([H])c2c3c(c([H])c([H])c([H])n3->[Sr+2]<-[O-]2)c1S(=O)(=O)[O-], 2.75
[H]c1c([H])c2c3c(c([H])c([H])c([H])n3->[Pr+3]<-[O-]2)c1S(=O)(=O)[O-], 6.17
[H]c1c([H])c2c3c(c([H])c([H])c([H])n3->[Er+3]<-[O-]2)c1S(=O)(=O)[O-], 7.16
[H]c1c([H])c2c3c(c([H])c([H])c([H])n3->[La+3]<-[O-]2)c1S(=O)(=O)[O-], 5.63
[H]c1c([H])c2c3c(c([H])c([H])c([H])n3->[Ni+2]<-[O-]2)c1S(=O)(=O)[O-], 10.06
[H]c1c([H])c2c3c(c([H])c([H])c([H])n3->[Gd+3]<-[O-]2)c1S(=O)(=O)[O-], 6.64
[H]c1c([H])c2c3c(c([H])c([H])c([H])n3->[Ca+2]<-[O-]2)c1S(=O)(=O)[O-], 3.52
